8	43.821	8	58.160
14	113.920	14	128.997
14	114.153	14	154.382
1	0.811	1	0.758
1	0.218	1	0.218
1	0.309	1	0.322
1	0.111	1	0.126
2	13.407	2	14.742
1	0.073	1	0.075
1	0.181	1	0.194
1	0.380	1	0.407
1	0.043	1	0.049
1	0.385	1	0.411
1	0.401	1	0.395
			
3	9.234	3	10.026
4	29.318	4	48.490
			
4	0.762	4	0.881
3	4.727	3	4.817
4	58.017	4	50.248
10	50.957	10	54.703
4	79.119	4	82.022
4	29.247	4	30.358
9	46.504	9	52.239
8	680.182	8	672.129
5	31.399	5	29.099
4	43.587	4	47.922
4	42.809	4	37.132
5	28.304	5	27.011
5	28.105	5	28.506
109	227.593	109	236.590
5	7.818	5	8.475
6	12.969	6	11.776
5	8.697	5	8.574
1	0.009	1	0.010
1	0.019	1	0.020
1	0.032	1	0.037
1	0.035	1	0.042
1	0.033	1	0.033
1	0.018	1	0.019
1	0.031	1	0.031
4	0.150	4	0.145
4	0.156	4	0.172
2	0.089	2	0.085
1	0.029	1	0.029
2	26.913	2	153.893
2	19.477	2	19.893
2	11.058	2	14.539
2	128.856	2	148.805
2	13.980	2	13.507
2	896.530	2	895.283
2	896.614	2	896.619
2	859.124	2	897.050
2	895.373	2	895.658
2	289.380	2	303.014
2	530.835	2	171.880
2	101.485	2	85.780
2	166.619	2	203.797
2	63.441	2	92.573
3	191.115	3	240.244
3	133.623	3	476.816
3	177.155	3	232.127
2	896.479	2	896.722
2	895.465	2	897.003
2	896.684	2	896.783
2	896.047	2	896.647
2	896.171	2	896.975
2	896.403	2	896.134
2	895.273	2	896.892
2	896.924	2	897.305
2	896.117	2	896.835
2	896.042	2	895.948
2	895.852	2	896.301
2	895.560	2	895.645
2	896.239	2	896.119
2	896.104	2	896.032
2	896.982	2	896.837
2	896.576	2	896.225
2	896.740	2	896.934
2	896.505	2	896.727
3	749.688	3	763.839
3	846.502	3	845.040
3	868.011	3	863.897
3	771.339	3	770.960
2	240.073	2	433.227
13	4.863	13	4.985
1	0.017	1	0.018
4	173.045	4	182.459
1	0.017	1	0.017
22	143.458	22	154.412
3	0.051	3	0.048
1	0.021	1	0.022
2	0.545	2	0.554
2	0.298	2	0.285
2	0.698	2	0.715
1	0.018	1	0.017
1	0.090	1	0.086
0		0	
1	0.226	1	0.245
3	0.245	3	0.246
2	0.623	2	0.631
1	0.232	1	0.227
1	0.319	1	0.253
1	0.017	1	0.017
3	0.664	3	0.668
4	1.070	4	1.081
2	0.024	2	0.022
			
8	313.430	8	329.714
2	0.403	2	0.381
2	0.076	2	0.074
1	0.037	1	0.037
2	118.058	2	137.299
2	0.225	2	0.236
2	0.259	2	0.238
1	0.032	1	0.034
1	0.031	1	0.030
3	7.238	3	9.100
2	1.593	2	1.616
3	4.341	3	4.590
1	0.255	1	0.285
1	0.349	1	0.364
2	25.198	2	35.163
2	28.702	2	44.072
4	895.205	4	895.060
21	32.194	21	38.090
13	36.064	13	37.472
13	67.306	13	65.303
19	51.062	19	42.431
44	99.069	44	106.561
59	276.176	59	272.041
13	43.816	13	33.527
13	69.483	13	70.718
10	12.655	10	12.157
10	30.860	10	27.749
7	17.452	7	19.270
7	20.150	7	21.448
7	25.979	7	22.060
7	19.255	7	18.842
31	668.120	31	661.696
10	91.851	10	98.950
3	33.063	3	32.132
21	561.262	21	547.831
3	31.397	3	35.297
6	25.101	6	32.979
6	31.689	6	30.147
2	0.441	2	0.431
3	10.558	3	11.006
4	10.353	4	11.850
4	11.390	4	13.129
4	12.605	4	11.100
4	27.429	4	26.888
3	0.872	3	0.830
3	0.274	3	0.256
4	20.997	4	22.516
5	29.424	5	29.592
5	25.311	5	32.975
6	32.027	6	35.523
7	32.594	7	35.687
6	28.706	6	30.487
1	0.107	1	0.111
1	0.120	1	0.123
20	10.686	20	10.773
22	14.007	22	14.431
24	17.970	24	17.780
25	23.590	25	20.438
25	26.355	25	27.961
25	27.617	25	30.586
10	2.412	10	2.620
12	3.629	12	3.777
14	4.665	14	4.752
16	7.091	16	7.328
18	8.935	18	8.760
53	33.765	53	36.928
52	70.562	52	81.088
59	46.436	59	55.244
50	55.967	50	57.789
51	33.185	51	43.586
46	29.034	46	32.743
46	34.706	46	39.793
54	40.931	54	42.955
51	17.927	51	20.336
48	46.577	48	56.554
51	26.344	51	29.480
49	35.282	49	40.340
52	45.287	52	52.704
45	12.490	45	13.720
45	19.255	45	21.313
40	9.733	40	10.233
41	9.464	41	9.010
43	10.364	43	12.187
29	19.096	29	15.971
30	15.849	30	16.632
30	19.007	30	24.859
28	16.758	28	16.905
28	17.143	28	18.291
140	175.351	140	178.380
123	469.008	123	458.564
140	188.658	140	183.325
121	450.575	121	412.645
141	208.783	141	223.581
123	426.835	123	433.018
140	207.073	140	187.510
97	151.007	97	150.881
193	542.772	193	539.832
193	540.527	193	540.124
193	523.504	193	538.155
193	536.285	193	530.485
193	537.249	193	536.848
191	514.783	191	516.464
191	527.965	191	522.115
191	505.546	191	523.865
191	499.049	191	517.028
191	516.244	191	533.579
191	504.393	191	511.042
191	516.505	191	531.320
187	129.752	187	134.181
187	72.062	187	76.131
185	68.735	185	61.451
189	365.080	189	366.360
62	36.999	62	37.798
62	37.540	62	37.215
62	36.625	62	36.449
62	36.125	62	37.460
62	36.173	62	38.073
62	38.020	62	37.780
62	37.651	62	37.683
71	37.530	71	37.082
64	39.685	64	39.582
64	38.365	64	39.656
64	36.528	64	38.380
62	36.298	62	36.880
62	36.384	62	36.444
62	38.170	62	37.685
62	45.953	62	37.357
62	37.466	62	36.340
64	37.506	64	38.144
60	38.033	60	39.677
60	36.555	60	37.962
62	37.242	62	35.707
103	332.831	103	336.126
108	348.300	108	348.504
53	233.077	53	238.589
53	231.393	53	233.084
53	236.275	53	233.026
52	229.781	52	228.732
51	229.950	51	230.679
52	227.153	52	238.537
52	234.466	52	233.717
54	239.702	54	237.768
53	235.656	53	240.643
52	230.134	52	228.852
52	228.622	52	239.967
54	237.595	54	237.646
52	226.701	52	238.033
29	104.180	29	111.752
37	22.697	37	28.606
20	69.784	20	80.760
15	5.971	15	6.598
28	10.954	28	11.869
26	9.606	26	11.022
27	7.312	27	7.591
25	6.077	25	5.726
16	4.441	16	4.011
25	15.949	25	16.043
31	21.564	31	28.813
18	4.633	18	4.713
31	13.857	31	15.493
25	104.515	25	102.277
27	12.993	27	15.928
15	167.007	15	180.639
348	478.096	348	432.870
9	69.457	9	85.381
69	37.188	69	45.675
17	6.104	17	5.047
22	268.193	22	231.025
9	5.506	9	5.413
65	25.581	65	28.743
47	727.488	47	778.939
47	744.966	47	803.931
42	414.378	42	437.485
52	738.593	52	757.832
53	837.883	53	840.142
20	115.033	20	134.607
20	118.439	20	132.788
20	117.953	20	123.660
34	169.574	34	176.115
42	388.321	42	436.159
40	714.533	40	699.545
13	51.326	13	53.590
15	164.173	15	153.434
28	142.775	28	164.301
11	62.244	11	72.340
48	13.658	48	14.446
113	18.478	113	22.758
26	7.504	26	6.859
42	12.806	42	12.362
26	35.162	26	39.391
86	22.126	86	22.210
72	69.275	72	78.280
17	240.273	17	294.500
26	22.081	26	23.051
116	22.504	116	53.756
39	68.584	39	35.812
33	14.654	33	15.066
41	99.161	41	104.935
10	6.521	10	6.427
33	16.540	33	21.113
17	7.574	17	8.034
33	15.854	33	18.455
41	23.097	41	25.096
68	33.919	68	54.379
38	91.835	38	82.706
23	873.022	23	872.664
138	118.511	138	144.285
69	35.156	69	41.156
66	40.165	66	44.049
14	37.958	14	41.103
43	51.575	43	62.033
22	8.287	22	8.201
40	17.041	40	20.250
15	148.378	15	134.250
21	86.780	21	90.846
15	120.415	15	138.343
22	8.720	22	8.707
134	39.918	134	66.808
20	21.451	20	37.734
12	44.954	12	46.660
20	19.089	20	42.114
64	32.579	64	51.620
63	12.239	63	12.565
28	237.822	28	234.714
63	11.645	63	12.156
63	12.505	63	11.673
64	13.221	64	13.795
206	123.473	206	172.507
9	97.969	9	139.560
87	177.278	87	180.009
99	26.512	99	26.093
91	871.912	91	872.030
103	23.377	103	24.815
17	70.271	17	72.284
8	23.378	8	33.429
21	8.238	21	6.597
21	9.416	21	8.492
48	24.835	48	26.855
21	8.412	21	7.966
27	19.814	27	20.268
62	430.250	62	269.709
21	7.495	21	7.930
21	12.733	21	13.061
11	564.830	11	559.851
21	7.377	21	8.483
84	28.952	84	27.851
21	6.401	21	7.105
16	11.431	16	11.554
11	94.257	11	102.124
21	6.645	21	7.224
11	116.282	11	245.391
21	7.751	21	7.415
40	205.641	40	253.140
82	52.576	82	58.665
33	295.237	33	289.997
99	79.927	99	113.091
98	80.139	98	68.450
79	60.926	79	53.706
79	58.482	79	55.590
23	150.136	23	123.794
100	77.712	100	84.143
108	77.883	108	88.152
15	192.180	15	235.371
19	162.891	19	184.623
17	74.589	17	94.080
13	106.921	13	112.870
11	78.798	11	86.696
14	111.519	14	132.693
33	657.159	33	663.836
22	147.934	22	168.697
15	113.925	15	144.642
14	110.190	14	124.523
22	134.244	22	156.337
22	168.660	22	173.309
15	195.835	15	199.908
42	576.477	42	618.222
15	178.849	15	203.108
60	11.315	60	12.055
53	10.136	53	10.122
37	2.363	37	2.417
51	3.185	51	3.298
39	2.748	39	2.415
38	2.616	38	2.683
49	3.144	49	2.972
41	2.645	41	2.555
46	2.728	46	2.793
48	2.843	48	3.105
44	2.584	44	2.654
44	2.707	44	2.798
49	3.088	49	2.963
49	2.707	49	2.876
55	3.860	55	3.665
54	3.768	54	3.762
47	2.989	47	2.985
40	2.667	40	2.602
35	2.304	35	2.415
54	4.895	54	4.889
39	2.567	39	2.687
40	2.756	40	2.692
47	2.875	47	2.936
41	2.548	41	2.704
36	2.339	36	2.352
38	2.480	38	2.295
41	2.975	41	2.568
49	2.984	49	2.896
38	2.372	38	2.383
47	4.882	47	4.826
43	3.327	43	3.283
56	4.055	56	3.911
37	3.014	37	2.977
31	2.204	31	2.126
47	3.097	47	2.778
49	2.911	49	2.922
48	3.127	48	3.102
46	2.911	46	3.099
51	3.781	51	3.792
44	3.439	44	3.451
45	3.221	45	3.281
51	3.472	51	3.373
45	2.694	45	2.827
49	2.960	49	2.752
44	2.552	44	2.571
42	3.361	42	3.398
36	2.622	36	2.659
49	2.910	49	2.911
89	323.329	89	293.180
36	2.255	36	2.249
74	63.774	74	63.765
65	11.693	65	14.080
64	6.377	64	6.179
62	3.407	62	3.118
52	2.881	52	3.097
52	2.832	52	3.102
68	11.332	68	10.642
46	2.721	46	2.780
51	2.823	51	3.007
50	2.746	50	2.810
57	3.191	57	3.071
50	2.816	50	2.952
55	3.142	55	2.954
45	10.263	45	12.570
42	2.632	42	2.761
68	90.149	68	97.996
37	2.454	37	2.296
58	3.263	58	3.451
52	5.981	52	6.468
54	2.803	54	2.944
39	4.904	39	5.061
73	19.693	73	19.001
48	2.896	48	2.755
54	10.189	54	10.889
62	3.212	62	3.233
83	194.535	83	162.905
58	3.189	58	3.188
52	2.882	52	3.057
80	83.101	80	95.434
100	199.475	100	222.586
35	2.051	35	2.326
40	2.376	40	2.364
49	6.773	49	8.578
45	2.520	45	2.585
61	3.173	61	3.407
52	2.733	52	3.076
46	2.640	46	2.938
44	2.633	44	2.709
78	134.285	78	129.879
42	2.480	42	2.542
43	2.583	43	2.592
98	234.516	98	262.730
36	2.333	36	2.252
43	2.567	43	2.433
44	18.876	44	18.888
55	19.604	55	19.301
52	17.982	52	18.761
39	15.706	39	23.977
46	16.829	46	18.081
34	17.063	34	17.162
39	19.273	39	17.910
54	17.806	54	18.554
35	17.630	35	17.528
53	17.726	53	18.032
55	17.253	55	19.217
51	18.162	51	17.415
54	17.807	54	17.509
38	18.653	38	25.449
39	17.734	39	18.429
49	17.620	49	17.592
43	18.830	43	18.283
42	17.991	42	18.429
42	19.083	42	18.908
47	20.183	47	19.724
32	16.332	32	16.567
42	24.333	42	17.607
53	18.467	53	18.820
43	18.204	43	18.398
41	16.987	41	17.866
46	19.212	46	19.216
51	17.222	51	17.625
35	17.137	35	17.406
48	18.930	48	18.937
51	17.520	51	18.279
37	16.749	37	17.341
35	16.186	35	15.770
34	16.380	34	16.816
34	16.021	34	16.461
140	176.584	140	193.718
121	446.062	121	477.671
123	450.789	123	445.078
140	174.670	140	210.656
140	239.378	140	197.184
144	255.476	144	260.306
121	447.743	121	437.473
121	439.246	121	454.622
140	201.812	140	186.845
121	433.265	121	441.006
121	434.082	121	445.898
140	243.768	140	207.913
140	185.896	140	232.710
86	19.894	86	17.881
87	21.740	87	22.695
140	178.944	140	179.670
86	19.022	86	19.541
192	501.158	192	505.666
193	535.179	193	553.709
193	539.991	193	516.793
193	525.653	193	547.278
193	521.487	193	525.589
193	521.299	193	541.813
193	528.984	193	534.892
193	537.869	193	531.203
193	514.974	193	542.562
191	515.521	191	514.616
191	515.608	191	499.908
191	492.913	191	520.321
191	507.467	191	509.765
191	507.288	191	510.421
191	476.282	191	520.700
185	72.216	185	69.117
187	74.393	187	75.328
185	74.020	185	71.496
189	360.658	189	395.331
185	66.758	185	69.077
187	130.657	187	133.741
185	70.674	185	68.891
62	38.979	62	39.130
62	37.609	62	38.220
64	43.487	64	44.148
64	41.679	64	41.070
64	42.923	64	42.828
64	41.550	64	42.275
60	40.840	60	42.508
60	39.195	60	37.256
60	41.034	60	40.968
62	38.559	62	39.245
62	38.897	62	39.058
62	37.760	62	38.402
62	38.612	62	39.408
62	37.372	62	37.526
62	36.205	62	36.671
62	37.619	62	38.407
62	38.278	62	37.193
64	40.791	64	43.919
64	40.917	64	42.974
64	49.567	64	40.862
64	41.361	64	42.343
60	42.249	60	39.178
60	44.736	60	40.870
217	283.016	217	289.311
121	390.520	121	383.577
181	526.156	181	521.492
117	387.989	117	374.573
119	398.149	119	394.450
123	396.615	123	385.640
115	364.919	115	362.457
126	400.519	126	398.430
176	528.170	176	529.317
177	530.819	177	521.745
116	388.275	116	373.527
128	397.789	128	408.164
127	400.423	127	399.586
53	237.896	53	241.074
51	225.946	51	229.592
52	234.812	52	233.200
52	232.161	52	234.340
52	233.664	52	234.368
54	248.450	54	236.999
52	225.633	52	233.966
53	231.504	53	236.662
52	224.760	52	235.025
52	240.431	52	240.914
54	240.392	54	237.916
52	228.614	52	232.567
53	232.180	53	230.413
53	241.673	53	236.091
53	233.751	53	235.574
52	233.589	52	233.773
52	229.775	52	235.626
53	232.922	53	231.071
51	222.646	51	229.814
41	35.233	41	51.854
48	55.047	48	77.697
51	126.675	51	212.475
3	1.176	3	1.215
3	1.176	3	1.201
3	1.105	3	1.285
3	1.225	3	1.241
3	1.253	3	1.231
3	1.175	3	1.192
3	1.108	3	1.378
3	1.207	3	1.194
32	12.055	32	13.422
36	17.423	36	18.644
24	7.448	24	7.823
43	126.734	43	252.595
3	1.196	3	1.183
3	1.100	3	1.173
3	1.145	3	1.165
3	1.143	3	1.158
24	10.377	24	14.141
35	30.613	35	26.738
35	16.306	35	19.036
36	16.237	36	16.706
3	1.456	3	1.286
3	1.483	3	1.149
3	1.411	3	1.423
3	1.404	3	1.395
3	1.476	3	1.519
3	1.298	3	1.261
3	1.535	3	1.341
3	1.073	3	1.180
31	7.538	31	8.437
49	18.133	49	18.903
15	4.594	15	4.261
22	6.618	22	7.433
17	4.667	17	4.952
40	14.137	40	15.767
4	1.433	4	1.419
4	1.336	4	1.385
4	1.285	4	1.431
4	1.549	4	1.549
40	136.906	40	146.278
3	0.613	3	0.678
8	5.890	8	5.805
185	182.957	185	169.390
185	199.296	185	195.609
16	19.823	16	21.724
65	74.220	65	83.762
66	49.650	66	52.189
26	409.936	26	421.454
3	0.499	3	0.460
8	5.766	8	5.891
68	51.172	68	50.978
61	58.245	61	67.855
66	44.891	66	41.812
5	1.282	5	1.146
3	0.421	3	0.432
179	131.648	179	159.000
186	159.210	186	154.125
67	62.298	67	64.235
66	55.895	66	58.653
44	763.689	44	809.898
49	768.352	49	774.831
40	317.110	40	329.255
50	826.459	50	839.526
38	417.857	38	444.986
38	442.937	38	494.231
59	862.914	59	861.922
38	496.021	38	520.998
20	155.461	20	161.418
37	770.897	37	790.403
34	250.475	34	266.635
34	238.127	34	237.520
37	763.812	37	765.612
28	180.986	28	195.340
45	786.474	45	794.390
28	189.050	28	198.009
20	95.358	20	113.104
26	41.249	26	42.296
98	18.751	98	19.932
49	18.409	49	20.010
116	23.528	116	26.289
98	17.590	98	24.239
113	42.410	113	50.538
48	17.383	48	17.310
75	18.233	75	18.423
26	17.660	26	17.742
200	309.970	200	323.486
35	118.871	35	146.086
9	7.578	9	7.761
32	21.651	32	23.248
16	11.031	16	13.570
59	199.800	59	257.342
9	7.791	9	8.357
121	213.181	121	207.392
16	9.783	16	11.070
97	367.336	97	441.730
9	7.322	9	7.274
211	514.727	211	575.042
3	2.163	3	2.234
17	10.782	17	12.067
38	16.474	38	18.888
3	2.417	3	2.637
17	14.673	17	17.467
3	2.778	3	2.399
69	69.831	69	59.731
35	22.752	35	25.930
3	2.255	3	2.161
17	12.466	17	12.645
15	129.119	15	137.728
19	67.788	19	98.466
15	125.484	15	108.910
21	11.831	21	11.055
213	334.935	213	400.156
31	94.306	31	74.057
21	11.262	21	11.181
45	86.991	45	99.864
46	36.619	46	48.255
63	13.302	63	12.659
8	249.019	8	253.988
64	13.750	64	13.592
243	60.738	243	58.370
9	87.998	9	130.783
360	71.871	360	76.853
26	77.775	26	82.866
63	12.004	63	12.387
20	68.912	20	83.240
7	856.908	7	856.501
63	12.486	63	12.076
8	249.115	8	259.261
243	57.982	243	63.547
9	117.947	9	206.085
26	74.917	26	79.581
20	63.742	20	74.887
132	41.023	132	61.613
8	247.891	8	269.960
243	60.836	243	56.867
63	35.867	63	57.866
26	79.934	26	75.998
63	10.790	63	13.264
16	16.668	16	17.193
63	11.229	63	12.359
91	862.874	91	863.820
103	28.946	103	28.406
81	480.608	81	496.333
103	26.194	103	27.603
16	88.064	16	86.716
17	226.646	17	223.623
1174	422.556	1174	428.826
23	104.081	23	129.516
12	31.853	12	33.303
103	23.760	103	25.491
8	14.273	8	17.033
36	48.871	36	81.634
21	12.093	21	12.591
21	17.485	21	19.491
51	42.333	51	58.102
21	13.534	21	13.340
24	18.765	24	19.603
66	53.392	66	62.465
52	63.907	52	93.178
25	23.388	25	28.073
21	9.301	21	10.673
47	40.235	47	54.474
21	13.296	21	10.984
24	21.530	24	22.790
48	31.841	48	40.154
21	12.567	21	14.557
84	37.483	84	41.170
84	43.691	84	44.329
21	8.704	21	11.731
24	20.365	24	22.607
84	34.596	84	35.565
21	12.390	21	10.450
45	31.976	45	42.851
59	84.428	59	116.468
17	47.684	17	65.852
39	25.117	39	27.446
34	157.378	34	202.236
100	72.386	100	75.751
81	56.151	81	53.243
23	153.040	23	164.341
18	92.400	18	93.058
98	74.666	98	77.695
79	61.670	79	58.478
19	132.207	19	118.479
14	58.119	14	58.712
17	80.993	17	76.606
100	77.514	100	80.140
100	82.477	100	74.218
80	60.718	80	67.564
109	83.743	109	110.263
19	189.017	19	182.059
14	133.622	14	156.139
11	77.491	11	81.899
17	81.961	17	94.963
21	732.509	21	731.367
19	178.569	19	187.669
11	69.721	11	85.241
17	80.469	17	100.726
11	75.485	11	83.085
19	190.243	19	199.538
23	413.486	23	427.329
15	164.845	15	173.204
14	141.610	14	131.285
23	403.169	23	422.265
15	164.552	15	141.985
14	127.338	14	144.005
22	154.080	22	164.717
15	186.467	15	179.805
21	220.241	21	233.927
21	205.465	21	249.615
15	285.287	15	269.525
21	210.166	21	226.456
19	176.033	19	206.339
21	221.555	21	209.533
19	186.564	19	194.051
3	0.211	3	0.221
1	0.079	1	0.079
1	0.022	1	0.022
2	0.676	2	0.686
4	0.489	4	0.522
3	0.183	3	0.210
2	0.425	2	0.490
3	0.172	3	0.186
3	0.191	3	0.202
1	0.117	1	0.126
2	882.760	2	882.879
1	0.023	1	0.021
2	0.069	2	0.069
2	0.554	2	0.549
5	0.374	5	0.373
5	0.546	5	0.579
4	0.354	4	0.382
4	0.393	4	0.423
4	0.226	4	0.226
4	0.119	4	0.123
2	0.135	2	0.137
1	0.022	1	0.022
1	0.022	1	0.023
2	0.107	2	0.118
1	0.026	1	0.028
1	0.024	1	0.026
2	0.132	2	0.134
1	0.038	1	0.041
5	0.466	5	0.515
5	11.940	5	25.285
5	0.359	5	0.406
1	0.011	1	0.012
2	0.211	2	0.239
0		0	
1	0.091	1	0.092
9	70.402	9	84.375
6	4.125	6	3.443
1	0.076	1	0.080
1	0.080	1	0.086
3	0.185	3	0.206
6	10.041	6	9.504
1	0.092	1	0.091
2	0.375	2	0.371
3	0.345	3	0.378
6	1.581	6	1.171
2	0.114	2	0.118
2	0.130	2	0.130
3	0.328	3	0.304
2	0.151	2	0.156
3	0.089	3	0.091
21	633.085	21	654.676
1	0.067	1	0.065
1	0.069	1	0.068
452	884.341	452	883.649
1	0.360	1	0.391
1	0.042	1	0.038
0		0	
1	0.043	1	0.044
5	0.261	5	0.258
1	0.031	1	0.032
1	0.036	1	0.032
1	0.033	1	0.051
2	0.793	2	0.827
2	1.527	2	1.566
2	0.454	2	0.413
2	0.742	2	0.821
2	0.262	2	0.244
2	0.120	2	0.125
1	0.027	1	0.028
1	0.030	1	0.029
1	0.029	1	0.039
1	0.025	1	0.026
1	0.038	1	0.029
1	0.025	1	0.026
1	0.039	1	0.021
1	0.036	1	0.029
2	0.044	2	0.045
2	0.042	2	0.051
2	888.675	2	887.025
2	1.459	2	1.543
1	0.044	1	0.039
2	420.478	2	425.159
2	889.888	2	887.450
4	296.501	4	336.568
22	52.538	22	66.595
2	0.114	2	0.113
1	0.090	1	0.081
1	0.030	1	0.030
1	0.029	1	0.033
1	0.031	1	0.029
3	0.482	3	0.459
1	0.030	1	0.030
1	0.058	1	0.063
1	0.039	1	0.041
1	0.029	1	0.030
2	3.077	2	3.932
2	0.264	2	0.280
3	0.338	3	0.368
4	11.633	4	13.387
3	1.501	3	1.752
16	56.586	16	63.110
20	139.269	20	154.467
8	16.571	8	20.746
3	2.142	3	2.251
1	0.248	1	0.259
1	0.178	1	0.171
1	0.118	1	0.128
6	2.070	6	2.148
1	0.209	1	0.229
1	0.255	1	0.246
1	0.080	1	0.082
7	16.114	7	18.468
6	7.190	6	9.379
1	0.180	1	0.205
3	1.830	3	2.062
2	0.431	2	0.370
0		0	
2	0.409	2	0.377
2	0.413	2	0.432
2	280.787	2	282.715
6	2.435	6	2.855
1	0.180	1	0.179
2	434.486	2	478.124
7	1.958	7	2.460
1	0.038	1	0.037
3	0.543	3	0.666
0		0	
1	0.161	1	0.173
1	0.273	1	0.283
3	0.277	3	0.277
1	0.036	1	0.030
1	0.034	1	0.044
1	0.042	1	0.029
4	1.192	4	1.700
1	0.031	1	0.031
3	0.656	3	0.822
5	1.150	5	1.327
29	866.591	29	866.673
26	850.163	26	863.491
26	729.872	26	720.890
26	742.789	26	714.839
26	718.136	26	715.239
26	681.060	26	714.990
26	689.268	26	739.134
26	676.575	26	730.301
26	713.324	26	690.696
26	717.361	26	724.515
29	766.312	29	774.161
29	773.770	29	773.433
29	755.381	29	762.282
29	755.208	29	758.173
29	767.032	29	770.833
29	766.069	29	768.896
29	612.686	29	759.032
29	755.532	29	756.145
29	605.502	29	499.924
12	75.622	12	95.856
12	82.862	12	97.067
12	87.450	12	81.628
11	87.924	11	86.497
29	875.905	29	876.070
29	873.921	29	874.422
29	875.540	29	875.906
29	858.263	29	874.166
29	875.399	29	875.533
29	875.045	29	874.721
29	875.927	29	875.448
29	869.238	29	874.238
29	871.140	29	872.305
55	869.261	55	869.694
31	868.776	31	868.442
30	867.108	30	868.537
40	609.762	40	625.384
40	613.794	40	613.418
31	761.325	31	762.894
31	771.362	31	744.119
31	779.660	31	777.962
38	719.734	38	692.814
29	818.986	29	794.558
29	820.358	29	821.481
29	813.928	29	817.468
29	811.102	29	817.888
29	821.136	29	824.356
29	814.874	29	820.464
29	812.190	29	777.063
29	771.985	29	813.759
38	866.544	38	867.066
13	56.545	13	58.747
13	54.597	13	53.153
13	87.563	13	95.600
13	98.183	13	90.490
34	867.217	34	867.881
37	856.374	37	853.924
36	855.696	36	856.085
100	665.544	100	664.489
99	838.236	99	839.921
35	868.132	35	872.964
36	509.805	36	563.508
21	212.417	21	245.104
87	543.455	87	592.760
87	558.627	87	581.914
87	573.805	87	598.120
103	697.250	103	699.115
102	693.739	102	724.996
97	682.499	97	693.955
104	757.762	104	779.464
101	834.835	101	833.670
101	824.293	101	828.358
101	595.578	101	607.354
100	600.307	100	591.374
101	825.495	101	829.934
1	0.726	1	0.711
2	2.439	2	2.585
1	1.561	1	1.649
1	1.022	1	0.942
1	1.545	1	1.703
1	2.326	1	2.381
2	4.086	2	3.980
2	5.148	2	5.484
2	4.208	2	4.412
1	1.682	1	1.818
2	2.774	2	2.915
2	4.326	2	4.750
1	0.681	1	0.727
2	2.461	2	2.603
1	0.968	1	0.967
1	0.766	1	0.715
1	1.500	1	1.665
2	3.695	2	3.992
1	1.590	1	1.640
2	3.770	2	3.848
2	2.445	2	2.588
1	0.976	1	1.008
2	2.784	2	2.778
2	2.792	2	2.755
87	542.150	87	562.107
1	1.053	1	1.005
2	2.607	2	2.951
1	1.033	1	1.077
1	1.051	1	1.054
2	2.853	2	2.781
1	0.985	1	1.064
2	2.952	2	3.072
2	2.884	2	3.129
104	628.916	104	624.782
104	629.467	104	626.248
6	2.233	6	2.234
6	2.290	6	2.364
6	2.225	6	2.192
6	2.275	6	2.352
7	2.234	7	2.294
7	2.498	7	2.492
7	2.159	7	2.161
7	2.239	7	2.262
13	5.045	13	5.237
13	5.231	13	5.192
13	5.083	13	5.469
13	5.292	13	5.518
6	2.115	6	2.117
6	2.005	6	2.024
6	1.955	6	1.963
6	2.065	6	2.184
8	3.084	8	3.229
8	3.397	8	3.203
8	3.048	8	3.260
8	3.026	8	3.170
17	21.655	17	22.126
8	6.085	8	6.046
8	6.333	8	5.918
8	6.296	8	6.065
8	6.262	8	6.181
17	14.159	17	15.898
17	15.191	17	14.779
17	13.570	17	12.906
17	14.063	17	15.019
27	146.845	27	149.782
6	2.777	6	2.683
6	2.883	6	2.813
6	2.632	6	2.842
6	2.646	6	3.115
8	3.749	8	3.706
8	3.950	8	3.955
8	3.514	8	3.650
8	3.637	8	3.923
6	2.603	6	2.711
6	2.858	6	2.735
6	2.627	6	2.742
6	2.759	6	2.882
8	3.561	8	3.696
8	3.701	8	3.798
8	3.596	8	3.791
8	3.557	8	3.924
8	3.227	8	3.572
8	3.502	8	3.575
8	3.124	8	3.572
8	3.363	8	3.403
10	5.298	10	4.229
10	4.476	10	4.507
10	4.217	10	4.526
10	4.385	10	4.419
8	3.272	8	3.410
8	3.471	8	3.550
8	3.385	8	3.343
8	3.410	8	3.334
10	4.194	10	4.589
10	4.494	10	4.638
10	4.324	10	4.394
10	4.538	10	4.637
11	4.376	11	4.926
12	4.413	12	4.622
12	4.806	12	4.963
13	4.995	13	5.620
11	5.254	11	5.252
12	6.682	12	6.350
13	6.666	13	6.663
13	6.132	13	6.188
12	5.033	12	4.873
13	5.043	13	5.162
14	5.573	14	5.686
15	5.923	15	5.817
12	5.503	12	5.826
13	6.433	13	6.476
15	7.052	15	7.202
15	9.680	15	7.013
14	36.929	14	36.800
11	10.984	11	11.843
11	11.104	11	11.274
11	10.706	11	11.940
11	11.904	11	11.687
13	24.199	13	27.330
14	17.547	14	17.895
13	28.971	13	30.075
14	15.491	14	18.263
12	15.122	12	15.973
12	17.229	12	17.459
12	15.971	12	14.615
12	14.405	12	17.505
14	32.684	14	39.763
15	25.195	15	27.765
14	33.518	14	34.951
15	26.215	15	25.864
45	462.431	45	467.836
6	2.368	6	2.321
6	2.351	6	2.332
6	2.410	6	2.521
6	2.698	6	2.497
5	1.829	5	1.788
5	1.865	5	1.911
5	1.890	5	1.898
5	1.810	5	1.918
6	2.298	6	2.381
6	2.386	6	2.459
6	2.483	6	2.457
6	2.314	6	2.517
5	1.757	5	1.648
5	1.630	5	1.968
5	1.815	5	1.939
5	1.836	5	2.050
4	1.637	4	1.723
4	1.826	4	1.707
4	1.712	4	1.693
4	1.786	4	1.753
6	2.672	6	2.875
6	2.911	6	2.877
6	2.806	6	2.764
6	3.109	6	3.079
4	1.654	4	1.711
4	1.794	4	1.858
4	1.719	4	1.672
4	1.718	4	1.733
6	2.898	6	2.836
6	3.024	6	2.798
6	2.812	6	2.921
6	2.820	6	2.837
12	7.847	12	7.796
17	11.854	17	13.098
12	8.025	12	8.084
18	11.734	18	13.067
14	27.637	14	26.440
18	70.069	18	71.469
14	27.085	14	28.783
21	58.670	21	67.017
13	8.755	13	9.364
18	15.839	18	15.438
13	8.456	13	9.416
19	14.852	19	13.879
7	6.324	7	6.139
7	6.572	7	5.806
7	6.432	7	6.219
7	5.907	7	6.714
6	3.637	6	3.716
9	5.441	9	5.052
6	3.679	6	3.767
9	5.218	9	5.512
7	5.858	7	5.660
7	6.207	7	6.204
7	6.099	7	6.332
7	6.167	7	6.444
6	3.413	6	3.436
9	5.703	9	5.773
6	3.429	6	3.607
9	5.595	9	5.818
5	4.564	5	4.323
5	4.032	5	4.151
5	4.140	5	4.084
5	4.198	5	4.123
7	5.021	7	5.300
10	7.083	10	8.041
7	5.465	7	5.061
10	7.634	10	8.119
5	4.472	5	4.367
5	4.136	5	4.140
5	3.908	5	4.168
5	4.337	5	4.334
7	5.225	7	4.990
10	7.757	10	7.792
7	4.696	7	5.230
10	7.145	10	8.371
9	9.815	9	9.553
13	7.643	13	7.168
9	9.361	9	9.945
15	8.220	15	8.970
11	13.850	11	15.944
13	7.897	13	8.199
11	15.047	11	15.104
15	8.253	15	9.356
12	14.981	12	18.085
14	21.760	14	23.873
12	15.696	12	16.417
22	32.682	22	33.815
10	11.519	10	11.213
14	10.468	14	10.675
10	10.414	10	10.515
16	10.225	16	10.976
16	47.831	16	51.361
22	141.430	22	141.110
16	46.138	16	48.269
25	123.427	25	138.284
12	17.541	12	17.747
14	8.842	14	10.003
12	18.653	12	17.152
16	10.670	16	11.713
8	3.580	8	3.528
9	3.984	9	4.023
11	4.691	11	5.340
12	5.194	12	5.713
10	4.960	10	5.588
11	6.191	11	6.236
12	6.566	12	7.274
13	7.145	13	6.999
9	3.681	9	3.945
10	4.513	10	4.322
13	5.644	13	5.774
14	5.756	14	5.877
11	5.420	11	5.866
12	6.424	12	6.310
14	6.974	14	7.333
15	7.646	15	7.648
4	2.426	4	2.591
4	2.584	4	2.354
4	2.338	4	2.327
4	2.565	4	2.487
3	0.857	3	0.943
3	0.965	3	0.891
3	0.921	3	0.882
3	0.923	3	0.948
4	2.378	4	2.512
4	2.658	4	2.577
4	2.451	4	2.457
4	2.563	4	2.594
3	1.118	3	0.916
3	0.963	3	0.941
3	0.877	3	0.921
3	0.876	3	0.940
3	1.017	3	1.024
3	0.994	3	0.977
3	1.012	3	0.976
3	0.991	3	0.996
4	1.264	4	1.324
4	1.230	4	1.303
4	1.189	4	1.316
4	1.172	4	1.330
3	1.028	3	1.080
3	0.953	3	1.019
3	1.003	3	1.061
3	0.962	3	1.007
4	1.235	4	1.277
4	1.242	4	1.308
4	1.234	4	1.327
4	1.294	4	1.283
13	22.668	13	23.981
14	27.011	14	32.986
13	22.384	13	21.962
15	30.665	15	28.563
14	25.497	14	23.860
16	38.721	16	37.301
14	19.706	14	25.460
17	31.048	17	33.968
13	24.322	13	25.076
14	37.364	14	34.267
13	26.442	13	23.779
15	32.217	15	34.750
14	25.586	14	29.364
16	41.921	16	40.960
14	24.753	14	27.898
17	38.712	17	37.394
5	3.000	5	3.038
5	3.013	5	2.976
5	2.757	5	2.928
5	2.924	5	3.023
3	1.188	3	1.220
3	1.214	3	1.254
3	1.187	3	1.286
3	1.248	3	1.233
5	2.855	5	2.974
5	2.880	5	2.915
5	3.062	5	3.307
5	3.019	5	3.155
3	1.222	3	1.321
3	1.234	3	1.271
3	1.214	3	1.210
3	1.281	3	1.232
3	1.351	3	1.415
3	1.352	3	1.372
3	1.466	3	1.400
3	1.355	3	1.401
4	1.706	4	1.649
4	1.748	4	1.735
4	1.753	4	1.731
4	1.671	4	1.619
3	1.338	3	1.416
3	1.397	3	1.395
3	1.379	3	1.374
3	1.364	3	1.475
4	1.715	4	1.826
4	1.640	4	1.746
4	1.682	4	1.734
4	1.743	4	1.640
8	6.240	8	6.544
8	6.540	8	6.551
10	11.633	10	11.470
10	13.533	10	12.646
8	7.554	8	7.843
8	8.495	8	8.501
8	8.150	8	8.224
8	8.461	8	8.032
8	6.865	8	7.589
8	7.238	8	7.908
9	10.015	9	10.641
9	10.585	9	10.941
8	8.154	8	7.714
8	8.778	8	8.980
8	8.818	8	8.817
8	8.427	8	9.035
8	7.437	8	7.610
8	7.788	8	6.992
8	7.629	8	7.785
8	7.476	8	7.886
9	9.535	9	9.014
9	8.904	9	9.208
9	8.253	9	9.036
9	8.980	9	8.702
8	7.318	8	8.512
8	8.277	8	8.769
8	8.526	8	8.240
8	8.205	8	8.454
9	8.912	9	9.104
9	9.861	9	10.079
9	9.972	9	10.208
9	9.969	9	10.437
15	56.942	15	44.852
4	8.464	4	8.571
4	4.070	4	4.061
9	43.395	9	49.098
4	8.763	4	9.251
2	0.650	2	0.651
8	62.347	8	55.950
7	97.186	7	99.172
6	853.899	6	858.976
0		0	
7	32.809	7	32.023
6	14.539	6	14.873
3	24.088	3	21.135
7	11.426	7	12.341
7	36.748	7	39.727
63	877.365	63	878.189
4	49.079	4	47.582
1	2.710	1	2.704
3	3.161	3	3.323
8	5.224	8	5.528
1	2.246	1	2.164
7	73.006	7	72.052
1	5.074	1	4.959
1	1.381	1	1.435
2	577.128	2	600.986
1	1.369	1	1.392
2	3.490	2	3.521
1	3.305	1	3.613
1	6.146	1	6.693
1	2.653	1	2.598
1	2.319	1	2.352
5	10.191	5	10.452
2	3.048	2	3.614
2	3.074	2	2.703
3	1.697	3	1.357
2	4.365	2	4.590
2	2.745	2	3.262
8	49.632	8	52.915
17	119.581	17	159.533
5	31.397	5	35.463
2	3.450	2	3.645
2	6.626	2	8.041
5	262.814	5	272.963
6	20.618	6	21.863
10	46.111	10	49.209
1	0.405	1	0.403
4	23.862	4	23.035
1	1.068	1	1.179
2	2.009	2	2.146
4	12.048	4	12.150
2	2.680	2	2.858
6	102.265	6	101.465
1	0.533	1	0.508
2	7.229	2	7.195
1	0.455	1	0.448
1	0.288	1	0.310
1	0.524	1	0.837
3	47.300	3	45.377
6	838.420	6	818.092
2	5.604	2	6.069
11	257.474	11	262.571
6	283.968	6	274.318
10	278.630	10	280.479
8	55.818	8	54.006
8	44.696	8	45.388
1	0.965	1	1.038
1	0.339	1	0.370
2	0.627	2	0.648
3	0.868	3	0.873
2	0.599	2	0.560
1	1.500	1	1.659
1	1.629	1	1.396
3	1.748	3	1.794
16	867.079	16	868.200
1	1.873	1	2.001
2	2.070	2	2.021
1	0.706	1	0.705
1	0.619	1	0.692
1	0.558	1	0.625
1	0.580	1	0.589
1	0.653	1	0.668
1	0.563	1	0.648
1	0.687	1	0.646
1	0.640	1	0.706
1	0.629	1	0.580
1	0.539	1	0.604
1	1.800	1	1.849
1	0.620	1	0.674
1	0.589	1	0.653
1	0.711	1	0.636
1	0.742	1	0.807
1	1.418	1	1.473
1	1.405	1	1.516
1	5.532	1	5.857
1	3.237	1	3.413
1	0.771	1	0.796
1	0.636	1	0.612
2	1.763	2	1.825
2	1.889	2	1.927
2	11.066	2	11.092
2	5.703	2	6.071
1	0.652	1	0.680
1	0.654	1	0.730
1	0.743	1	0.694
1	0.767	1	0.815
1	0.771	1	0.808
1	0.497	1	0.506
1	0.989	1	1.100
1	1.122	1	1.102
1	0.891	1	0.902
1	0.844	1	0.825
1	0.870	1	0.947
1	0.855	1	0.846
1	0.832	1	0.833
1	0.866	1	0.850
1	0.755	1	0.788
1	0.813	1	0.843
1	0.753	1	0.832
1	0.825	1	0.843
1	0.782	1	0.773
1	0.835	1	0.851
1	0.817	1	0.825
1	0.755	1	0.838
1	0.830	1	0.927
1	0.822	1	0.833
1	0.888	1	0.842
1	0.794	1	0.844
1	0.860	1	0.920
1	0.907	1	0.997
1	0.675	1	0.746
1	1.192	1	1.262
1	0.763	1	0.811
1	0.910	1	0.897
1	0.733	1	0.815
1	5.846	1	6.373
1	0.983	1	1.054
1	0.393	1	0.407
1	0.647	1	0.670
1	2.194	1	2.187
1	0.683	1	0.661
1	0.671	1	0.699
2	13.474	2	13.803
1	0.285	1	0.303
1	0.850	1	0.824
1	7.162	1	7.774
1	0.794	1	0.826
1	0.773	1	0.832
5	13.482	5	14.957
1	0.450	1	0.440
3	0.659	3	0.666
1	0.721	1	0.791
1	0.689	1	0.995
1	0.826	1	0.773
1	0.776	1	0.751
2	16.370	2	14.996
1	0.768	1	0.779
1	0.777	1	0.838
1	0.697	1	0.775
1	0.599	1	0.571
1	0.763	1	0.826
1	0.704	1	0.783
1	0.716	1	0.823
1	0.580	1	0.593
1	0.687	1	0.737
1	0.620	1	0.655
1	0.729	1	0.668
2	1.843	2	1.656
1	0.593	1	0.620
1	0.697	1	0.737
1	0.615	1	0.593
1	0.693	1	0.766
1	0.557	1	0.618
1	0.277	1	0.292
1	0.876	1	0.936
1	0.636	1	0.595
1	0.610	1	0.610
1	2.202	1	2.301
1	0.614	1	0.612
1	0.725	1	0.790
2	3.042	2	2.941
1	2.025	1	1.917
1	0.697	1	0.711
1	0.722	1	0.712
1	0.725	1	0.818
1	0.732	1	0.759
1	0.796	1	0.759
1	0.775	1	0.833
1	0.756	1	0.803
1	0.757	1	0.808
1	0.753	1	0.776
1	0.618	1	0.647
2	2.149	2	2.213
1	0.799	1	0.800
1	0.744	1	0.770
1	0.581	1	0.559
1	0.797	1	0.856
1	0.747	1	0.785
1	0.773	1	0.814
1	0.786	1	0.799
1	0.671	1	0.671
1	0.684	1	0.817
1	2.446	1	2.350
2	1.450	2	1.514
1	1.891	1	1.778
3	462.792	3	429.150
1	0.880	1	0.914
1	0.955	1	0.958
1	0.952	1	1.009
1	0.986	1	0.985
2	2.793	2	2.434
1	0.913	1	0.981
1	0.568	1	0.629
1	0.822	1	0.804
1	0.576	1	0.627
1	0.618	1	0.660
1	29.521	1	32.769
1	0.242	1	0.255
1	0.224	1	0.214
1	0.271	1	0.292
2	0.371	2	0.388
1	1.069	1	1.075
1	0.300	1	0.296
1	0.295	1	0.286
1	0.322	1	0.330
1	0.578	1	0.572
1	0.303	1	0.307
1	0.312	1	0.305
1	0.355	1	0.363
1	0.319	1	0.329
1	0.303	1	0.331
1	0.481	1	0.504
1	0.434	1	0.440
3	331.082	3	324.644
1	0.955	1	0.963
1	0.960	1	0.983
20	144.119	20	143.575
7	4.816	7	4.247
1	1.062	1	1.046
1	1.157	1	1.136
1	1.142	1	1.127
1	0.623	1	0.609
1	1.154	1	1.203
1	0.922	1	0.984
5	2.514	5	2.635
1	1.563	1	1.394
1	1.612	1	1.445
1	0.951	1	0.976
1	0.991	1	1.031
1	1.858	1	1.341
1	1.050	1	1.361
1	0.945	1	0.973
6	4.545	6	4.828
1	3.507	1	3.045
1	1.383	1	1.184
1	0.859	1	0.933
12	53.438	12	55.862
19	16.880	19	17.736
1	0.551	1	0.583
1	0.497	1	0.481
1	0.495	1	0.522
1	0.555	1	0.576
1	1.442	1	1.427
1	0.536	1	0.540
1	0.131	1	0.129
1	0.118	1	0.120
1	0.503	1	0.485
1	0.136	1	0.157
1	0.151	1	0.153
1	0.525	1	0.526
1	0.322	1	0.338
1	0.315	1	0.312
1	0.332	1	0.322
1	0.283	1	0.290
1	1.118	1	1.170
1	1.308	1	1.600
1	0.194	1	0.198
1	0.182	1	0.180
1	0.218	1	0.194
1	0.204	1	0.200
1	0.190	1	0.204
1	0.182	1	0.183
1	0.183	1	0.184
1	0.198	1	0.200
1	0.175	1	0.197
1	0.192	1	0.221
1	0.178	1	0.187
1	0.247	1	0.194
1	0.171	1	0.178
1	0.203	1	0.198
1	0.180	1	0.187
1	0.192	1	0.207
1	0.190	1	0.182
1	0.202	1	0.181
1	0.184	1	0.194
1	0.182	1	0.194
1	0.192	1	0.212
1	0.204	1	0.177
1	0.193	1	0.216
1	0.179	1	0.203
1	0.209	1	0.189
1	0.194	1	0.192
1	0.209	1	0.201
1	0.190	1	0.182
1	0.207	1	0.197
1	0.207	1	0.206
1	0.189	1	0.199
1	0.200	1	0.200
1	0.188	1	0.188
1	0.187	1	0.208
1	0.194	1	0.208
1	0.202	1	0.190
1	0.171	1	0.229
1	0.193	1	0.208
1	0.190	1	0.185
1	0.198	1	0.201
1	0.211	1	0.212
1	0.211	1	0.196
1	0.192	1	0.199
1	0.199	1	0.205
1	0.188	1	0.216
1	0.207	1	0.208
1	0.200	1	0.183
1	0.204	1	0.225
1	0.169	1	0.200
1	0.202	1	0.175
1	0.198	1	0.191
1	0.178	1	0.208
1	0.205	1	0.209
1	0.199	1	0.195
1	0.212	1	0.208
1	0.188	1	0.192
1	0.196	1	0.216
1	0.188	1	0.194
1	0.187	1	0.213
1	0.190	1	0.200
1	0.206	1	0.204
1	0.205	1	0.200
1	0.195	1	0.203
1	0.176	1	0.197
1	0.193	1	0.198
1	0.186	1	0.204
1	0.193	1	0.190
1	0.207	1	0.197
1	0.186	1	0.197
1	0.194	1	0.216
1	0.199	1	0.194
1	0.199	1	0.188
1	0.189	1	0.203
1	0.191	1	0.200
1	0.216	1	0.204
1	0.199	1	0.189
1	0.172	1	0.188
1	0.203	1	0.188
1	0.176	1	0.199
1	0.206	1	0.203
1	0.213	1	0.206
1	0.197	1	0.207
1	0.186	1	0.193
1	0.193	1	0.199
1	0.190	1	0.199
1	0.200	1	0.214
1	0.179	1	0.217
1	0.188	1	0.182
1	0.202	1	0.212
1	0.197	1	0.217
1	0.210	1	0.200
1	0.190	1	0.205
1	0.189	1	0.195
1	0.205	1	0.205
1	0.181	1	0.192
1	13.873	1	14.102
1	0.522	1	0.516
1	13.889	1	14.840
1	0.716	1	0.727
1	0.967	1	0.971
2	1.535	2	1.548
1	0.740	1	0.724
1	0.908	1	0.897
1	0.909	1	0.938
1	0.709	1	1.245
1	0.564	1	0.580
1	1.102	1	1.124
1	0.883	1	0.976
1	0.738	1	0.876
3	3.644	3	4.046
1	0.693	1	0.738
1	0.775	1	0.831
1	0.374	1	0.383
1	0.842	1	0.760
2	1.584	2	1.579
1	3.501	1	3.376
1	0.628	1	0.653
1	2.009	1	1.960
1	0.628	1	0.620
1	0.717	1	0.722
4	9.120	4	9.395
1	0.600	1	0.582
1	1.166	1	1.078
3	14.950	3	14.723
1	0.857	1	0.917
1	0.602	1	0.574
1	0.629	1	0.632
7	18.824	7	19.179
1	2.727	1	2.725
2	2.534	2	2.613
3	46.187	3	50.077
1	1.004	1	1.235
1	1.658	1	1.694
1	0.779	1	0.761
2	0.923	2	0.936
1	3.699	1	3.583
3	0.889	3	0.876
2	0.775	2	0.776
1	0.612	1	0.623
2	3.851	2	3.901
1	1.413	1	1.477
2	2.476	2	2.556
1	5.319	1	6.975
1	2.338	1	2.382
1	2.884	1	2.941
1	3.733	1	3.513
3	889.614	3	889.816
1	1.232	1	1.094
2	1.054	2	1.024
2	1.769	2	1.884
1	0.674	1	0.755
1	0.939	1	0.723
1	0.733	1	0.820
1	0.728	1	0.710
1	0.894	1	1.034
1	0.676	1	0.764
1	0.703	1	0.699
1	2.813	1	2.847
1	1.063	1	1.325
1	3.839	1	4.297
1	1.386	1	1.294
1	1.792	1	1.746
1	0.679	1	0.683
1	2.909	1	3.092
1	1.510	1	1.780
2	1.767	2	1.537
1	2.008	1	1.949
1	0.781	1	0.733
1	0.667	1	0.727
1	0.702	1	0.757
1	2.016	1	2.034
1	6.861	1	7.631
1	1.670	1	1.500
1	2.110	1	2.460
1	1.375	1	1.198
1	3.924	1	3.934
1	1.051	1	1.024
1	0.684	1	0.731
1	0.676	1	0.710
1	1.318	1	1.058
1	0.985	1	1.001
1	0.662	1	0.707
1	0.992	1	0.971
2	1.282	2	1.298
1	7.246	1	7.500
1	0.940	1	0.990
1	0.938	1	1.004
1	0.930	1	0.983
1	1.044	1	1.272
1	0.737	1	0.763
1	1.007	1	1.011
2	35.726	2	37.965
1	0.849	1	0.768
1	1.662	1	1.626
1	0.825	1	0.769
2	1.834	2	2.009
3	2.271	3	2.418
2	0.334	2	0.349
1	0.312	1	0.303
2	0.594	2	0.618
2	1.213	2	1.177
1	0.294	1	0.308
1	0.707	1	0.748
2	1.537	2	1.504
1	0.244	1	0.266
1	0.298	1	0.316
2	0.776	2	0.821
1	1.290	1	1.340
1	0.822	1	0.922
1	0.923	1	1.066
1	1.173	1	0.983
1	0.307	1	0.295
1	0.763	1	0.817
2	4.366	2	4.302
2	1.453	2	1.592
2	3.084	2	3.172
1	0.821	1	0.837
1	0.618	1	0.624
1	0.641	1	0.621
1	0.677	1	0.655
1	0.621	1	0.591
1	0.579	1	0.596
1	0.634	1	0.660
1	0.602	1	0.649
1	0.586	1	0.597
1	0.579	1	0.591
1	0.886	1	0.907
1	0.734	1	0.744
1	0.726	1	0.751
1	0.623	1	0.619
1	0.595	1	0.631
1	0.630	1	0.701
1	1.318	1	1.422
1	1.000	1	0.965
1	0.702	1	0.690
1	1.223	1	1.316
1	0.678	1	0.672
1	1.184	1	1.154
2	0.713	2	0.547
1	0.077	1	0.083
1	1.018	1	1.170
1	2.344	1	2.575
1	0.773	1	0.699
1	0.668	1	0.704
1	1.687	1	1.467
1	1.447	1	1.550
1	1.584	1	1.594
1	1.405	1	1.477
1	0.642	1	0.709
1	0.686	1	0.632
1	0.626	1	0.610
1	0.720	1	0.724
1	0.635	1	0.668
1	0.723	1	0.669
1	0.886	1	0.980
1	0.643	1	0.766
1	4.020	1	4.078
1	3.890	1	4.011
1	4.006	1	3.863
2	43.724	2	45.593
1	0.167	1	0.159
1	0.592	1	0.635
1	0.678	1	0.674
1	0.184	1	0.183
1	1.902	1	1.964
1	1.606	1	1.434
2	16.843	2	16.369
1	0.603	1	0.617
1	0.588	1	0.581
1	0.586	1	0.682
1	0.629	1	0.706
1	1.124	1	1.154
1	0.596	1	0.704
1	0.586	1	0.648
1	0.953	1	0.978
1	0.682	1	0.674
2	24.673	2	25.253
1	0.641	1	0.624
2	7.064	2	7.513
1	1.330	1	1.390
1	1.116	1	1.193
5	341.256	5	343.571
1	3.512	1	3.551
1	1.290	1	1.356
1	0.777	1	0.722
1	0.799	1	0.837
1	0.761	1	0.706
1	11.022	1	10.888
1	0.622	1	0.623
1	0.838	1	0.833
1	0.857	1	0.918
1	0.706	1	0.695
1	0.729	1	0.800
1	0.650	1	0.684
2	1.298	2	1.284
1	0.787	1	0.759
1	0.769	1	0.735
1	0.741	1	0.771
1	1.747	1	1.818
1	0.868	1	0.967
1	2.543	1	1.863
1	1.064	1	1.103
1	1.274	1	1.232
1	0.965	1	0.996
1	0.703	1	0.736
1	0.728	1	0.767
1	0.775	1	0.730
1	1.018	1	1.089
1	5.590	1	5.848
1	0.728	1	0.812
1	0.754	1	0.803
1	0.708	1	0.754
1	0.615	1	0.681
1	0.674	1	0.698
1	0.651	1	0.684
1	0.662	1	0.673
1	0.640	1	0.665
1	0.611	1	0.706
1	0.624	1	0.638
1	0.643	1	0.638
2	1.102	2	1.024
1	0.299	1	0.304
1	0.809	1	0.826
1	0.509	1	0.501
1	0.567	1	0.626
1	0.783	1	0.822
1	0.765	1	0.791
1	0.591	1	0.602
1	0.669	1	0.637
1	4.574	1	4.729
1	1.547	1	1.605
2	35.447	2	35.603
1	0.705	1	0.722
1	0.637	1	0.711
1	0.883	1	0.934
1	0.510	1	0.539
1	0.207	1	0.235
1	3.964	1	4.281
2	9.604	2	10.224
1	1.326	1	1.440
1	1.156	1	1.182
1	1.178	1	1.172
1	0.256	1	0.273
2	7.351	2	8.355
2	0.320	2	0.337
1	1.466	1	1.476
1	5.054	1	5.273
1	0.615	1	0.640
2	2.503	2	2.489
1	1.271	1	1.151
0		0	
0		0	
1	1.649	1	1.598
0		0	
0		0	
0		0	
0		0	
0		0	
1	0.445	1	0.444
1	1.053	1	0.968
0		0	
0		0	
0		0	
1	0.657	1	0.677
0		0	
0		0	
0		0	
0		0	
0		0	
0		0	
0		0	
1	25.048	1	27.439
0		0	
2	5.337	2	5.479
2	2.916	2	2.687
2	5.158	2	5.531
2	4.750	2	5.379
2	7.306	2	7.701
0		0	
2	14.497	2	14.489
0		0	
0		0	
0		0	
0		0	
0		0	
0		0	
0		0	
0		0	
0		0	
0		0	
0		0	
0		0	
0		0	
0		0	
0		0	
0		0	
0		0	
0		0	
0		0	
0		0	
0		0	
0		0	
2	2.073	2	2.360
2	2.249	2	2.407
2	1.998	2	2.111
3	13.619	3	13.842
2	40.873	2	43.023
2	2.505	2	2.706
3	189.519	3	202.916
2	1.526	2	1.721
2	1.244	2	1.161
2	7.793	2	6.224
0		0	
0		0	
3	37.225	3	35.358
0		0	
2	2.671	2	3.014
2	3.786	2	3.979
2	3.232	2	3.300
2	2.836	2	3.164
0		0	
4	12.815	4	12.625
2	2.724	2	2.598
2	3.827	2	4.076
2	2.675	2	2.661
2	2.831	2	2.695
1	4.315	1	4.278
2	2.828	2	2.982
2	2.932	2	2.996
2	2.735	2	2.869
2	2.168	2	1.836
2	2.852	2	2.797
2	2.698	2	2.970
2	2.591	2	2.846
2	1.299	2	1.325
0		0	
0		0	
0		0	
0		0	
0		0	
0		0	
2	0.606	2	0.625
2	0.578	2	0.603
2	0.473	2	0.476
2	0.484	2	0.483
0		0	
2	1.040	2	1.117
2	0.631	2	0.623
0		0	
0		0	
2	2.721	2	2.981
2	15.778	2	14.366
1	2.288	1	2.263
2	1.823	2	1.645
0		0	
2	2.891	2	2.729
2	0.634	2	0.668
2	0.542	2	0.533
2	2.876	2	3.014
2	2.755	2	2.756
2	2.994	2	2.757
2	2.761	2	2.948
2	0.696	2	0.550
0		0	
2	2.854	2	2.706
2	2.725	2	2.884
2	1.169	2	1.262
2	2.905	2	2.971
2	2.662	2	2.716
2	2.810	2	2.791
2	2.732	2	3.047
2	2.705	2	2.748
0		0	
0		0	
0		0	
0		0	
0		0	
2	3.479	2	3.621
2	3.556	2	3.694
2	3.562	2	3.449
0		0	
2	2.698	2	3.178
2	0.521	2	0.529
0		0	
2	0.780	2	0.764
2	1.594	2	1.693
1	0.869	1	0.894
0		0	
1	0.932	1	1.032
2	3.368	2	3.620
0		0	
0		0	
0		0	
0		0	
0		0	
0		0	
0		0	
0		0	
0		0	
0		0	
0		0	
0		0	
0		0	
2	8.989	2	8.720
2	3.487	2	3.560
0		0	
3	83.377	3	95.866
2	3.503	2	3.434
0		0	
2	3.557	2	4.317
0		0	
0		0	
0		0	
0		0	
0		0	
2	35.488	2	29.399
0		0	
0		0	
0		0	
0		0	
0		0	
0		0	
0		0	
7	10.999	7	11.414
2	14.998	2	16.459
0		0	
2	5.032	2	6.243
0		0	
9	884.439	9	883.612
0		0	
0		0	
0		0	
0		0	
0		0	
0		0	
0		0	
0		0	
0		0	
0		0	
0		0	
0		0	
0		0	
0		0	
0		0	
0		0	
3	884.749	3	884.534
1	3.693	1	3.671
0		0	
0		0	
0		0	
0		0	
0		0	
0		0	
0		0	
0		0	
0		0	
0		0	
0		0	
0		0	
0		0	
0		0	
0		0	
0		0	
0		0	
0		0	
0		0	
0		0	
0		0	
0		0	
0		0	
0		0	
0		0	
0		0	
0		0	
0		0	
0		0	
0		0	
0		0	
0		0	
0		0	
0		0	
0		0	
0		0	
0		0	
0		0	
0		0	
0		0	
0		0	
0		0	
0		0	
0		0	
0		0	
0		0	
0		0	
0		0	
0		0	
0		0	
0		0	
0		0	
0		0	
0		0	
0		0	
0		0	
0		0	
0		0	
0		0	
0		0	
0		0	
0		0	
0		0	
0		0	
0		0	
0		0	
0		0	
0		0	
0		0	
0		0	
0		0	
0		0	
0		0	
0		0	
0		0	
0		0	
0		0	
0		0	
0		0	
0		0	
0		0	
0		0	
0		0	
0		0	
0		0	
0		0	
0		0	
0		0	
0		0	
0		0	
0		0	
0		0	
0		0	
0		0	
0		0	
1	8.146	1	8.755
0		0	
1	8.383	1	8.234
2	3.007	2	3.228
0		0	
0		0	
0		0	
0		0	
0		0	
2	1.497	2	1.550
1	2.115	1	2.325
0		0	
0		0	
2	2.332	2	2.154
0		0	
2	3.892	2	3.915
2	2.185	2	2.226
2	2.703	2	2.827
0		0	
2	1.474	2	1.450
2	4.456	2	4.618
0		0	
2	1.036	2	1.061
2	0.588	2	0.664
0		0	
2	0.775	2	0.744
0		0	
0		0	
0		0	
0		0	
0		0	
0		0	
1	1.868	1	1.955
0		0	
0		0	
3	12.141	3	12.073
1	0.664	1	0.649
2	5.457	2	5.655
3	53.811	3	57.515
1	3.887	1	4.447
1	11.058	1	11.548
2	3.675	2	3.528
0		0	
0		0	
0		0	
0		0	
2	6.339	2	6.416
1	2.832	1	2.586
1	2.964	1	3.052
1	8.095	1	9.313
1	0.378	1	0.365
1	6.215	1	6.302
1	2.310	1	2.298
1	3.145	1	3.091
1	2.867	1	2.913
1	0.401	1	0.399
0		0	
0		0	
2	3.819	2	3.851
0		0	
1	1.776	1	1.854
1	0.453	1	0.463
2	3.478	2	3.532
0		0	
0		0	
0		0	
0		0	
0		0	
0		0	
0		0	
0		0	
0		0	
0		0	
0		0	
0		0	
0		0	
0		0	
0		0	
0		0	
0		0	
0		0	
0		0	
0		0	
0		0	
2	3.221	2	3.259
0		0	
0		0	
2	16.917	2	17.081
1	1.594	1	1.772
0		0	
0		0	
0		0	
0		0	
2	3.297	2	3.366
2	9.827	2	10.365
1	51.517	1	48.994
0		0	
0		0	
0		0	
0		0	
2	4.655	2	4.929
2	4.833	2	4.773
2	3.503	2	3.637
0		0	
2	4.054	2	4.267
0		0	
0		0	
0		0	
0		0	
0		0	
2	5.488	2	6.125
1	1.090	1	1.092
0		0	
1	0.981	1	1.031
2	0.830	2	0.841
0		0	
2	0.583	2	0.575
2	0.729	2	0.723
0		0	
0		0	
2	13.755	2	15.672
2	6.278	2	5.709
2	10.553	2	10.619
2	0.974	2	0.904
2	0.794	2	0.817
5	156.830	5	172.322
0		0	
0		0	
0		0	
0		0	
2	2.730	2	2.663
0		0	
0		0	
2	3.852	2	3.890
0		0	
0		0	
0		0	
0		0	
0		0	
0		0	
0		0	
0		0	
2	2.461	2	2.925
0		0	
2	2.430	2	2.919
0		0	
0		0	
2	7.327	2	7.249
0		0	
0		0	
2	9.258	2	9.972
0		0	
0		0	
2	3.860	2	4.184
0		0	
2	3.039	2	2.799
2	888.937	2	888.787
1	3.716	1	4.273
1	3.707	1	3.723
1	4.078	1	3.884
1	3.685	1	4.004
1	1.593	1	1.639
1	5.256	1	5.097
3	16.206	3	17.014
0		0	
0		0	
0		0	
0		0	
0		0	
0		0	
1	0.978	1	0.887
0		0	
0		0	
0		0	
0		0	
0		0	
2	4.727	2	4.800
0		0	
0		0	
0		0	
0		0	
0		0	
0		0	
2	3.505	2	3.537
0		0	
1	3.455	1	3.697
0		0	
2	148.148	2	148.443
0		0	
0		0	
1	0.741	1	0.751
0		0	
0		0	
2	2.446	2	2.344
2	5.033	2	5.131
2	2.073	2	2.210
0		0	
0		0	
1	0.662	1	0.675
2	0.794	2	0.853
2	1.063	2	1.058
2	0.780	2	0.789
2	4.069	2	4.088
2	2.024	2	1.852
4	5.738	4	5.641
0		0	
0		0	
0		0	
0		0	
2	29.037	2	27.046
4	7.404	4	8.320
2	3.625	2	3.821
3	2.847	3	2.732
5	21.613	5	23.055
0		0	
0		0	
0		0	
2	6.741	2	6.724
2	2.150	2	2.273
0		0	
0		0	
0		0	
0		0	
0		0	
0		0	
0		0	
0		0	
0		0	
0		0	
0		0	
0		0	
0		0	
2	1.031	2	1.037
0		0	
2	0.944	2	1.015
2	1.211	2	1.227
2	1.329	2	1.628
0		0	
2	4.352	2	4.484
0		0	
3	12.708	3	12.196
2	1.110	2	1.067
2	6.269	2	6.271
0		0	
0		0	
0		0	
0		0	
0		0	
1	1.066	1	1.206
0		0	
0		0	
0		0	
0		0	
0		0	
0		0	
0		0	
0		0	
0		0	
0		0	
0		0	
0		0	
0		0	
0		0	
0		0	
0		0	
0		0	
0		0	
0		0	
0		0	
0		0	
0		0	
0		0	
0		0	
0		0	
0		0	
0		0	
0		0	
0		0	
0		0	
0		0	
16	217.555	16	226.917
32	284.031	32	285.593
5	101.388	5	108.010
118	849.651	118	851.213
5	7.841	5	7.842
23	357.951	23	359.323
3	3.262	3	3.565
12	599.229	12	658.774
9	4.535	9	4.323
4	20.964	4	20.878
3	4.902	3	4.946
3	5.504	3	5.025
1	0.175	1	0.165
2	1.026	2	1.066
5	5.188	5	5.057
5	874.283	5	875.825
5	265.932	5	271.158
35	58.416	35	62.276
1	0.150	1	0.141
1	0.173	1	0.193
1	0.119	1	0.133
1	0.141	1	0.139
1	0.159	1	0.163
7	6.783	7	6.740
1	0.278	1	0.278
6	25.158	6	26.703
4	2.306	4	2.516
3	52.512	3	50.716
1	17.136	1	17.631
1	4.107	1	4.687
8	4.770	8	4.673
3	3.201	3	3.119
3	12.117	3	12.209
3	12.301	3	12.413
			
			
4	1.849	4	1.953
16	703.510	16	705.355
1	3.166	1	3.331
7	7.272	7	7.542
3	0.615	3	0.611
3	0.646	3	0.652
3	0.673	3	0.672
3	0.609	3	0.617
3	0.782	3	0.793
7	6.968	7	6.879
5	46.460	5	52.340
7	3.999	7	3.927
6	6.139	6	5.996
2	0.806	2	0.774
5	1.421	5	1.511
5	1.397	5	1.463
1	0.153	1	0.169
1	0.194	1	0.159
5	1.268	5	1.277
5	1.232	5	1.279
0		0	
0		0	
5	2.988	5	2.974
5	3.130	5	3.094
2	45.620	2	50.735
0		0	
0		0	
1	0.348	1	0.330
1	0.329	1	0.346
1	0.297	1	0.309
1	0.269	1	0.298
13	64.027	13	64.622
23	613.068	23	619.469
15	238.337	15	234.428
4	17.375	4	18.758
8	16.287	8	16.963
7	444.583	7	461.783
12	8.641	12	8.471
21	255.262	21	263.737
9	13.437	9	13.622
15	106.795	15	65.223
14	3.323	14	3.292
33	131.821	33	127.357
10	41.382	10	42.176
8	7.359	8	6.990
9	6.350	9	7.183
13	9.234	13	9.433
6	62.496	6	58.063
30	599.131	30	522.827
4	5.468	4	5.531
9	24.830	9	24.580
94	841.215	94	839.517
2	883.161	2	883.707
13	349.760	13	341.664
3	0.974	3	0.960
74	843.322	74	841.991
7	8.280	7	7.924
14	837.849	14	835.639
2	2.709	2	2.819
47	847.686	47	845.787
0		0	
			
2	5.963	2	6.008
6	13.692	6	12.946
4	1.014	4	1.016
4	0.754	4	0.862
4	0.762	4	0.744
3	0.823	3	0.779
7	4.868	7	4.964
19	269.483	19	244.559
3	101.422	3	104.239
3	1.680	3	1.651
6	35.066	6	37.537
2	882.211	2	882.499
4	879.002	4	877.405
2	24.101	2	22.425
3	1.934	3	1.968
2	1.036	2	1.007
16	784.581	16	787.091
9	23.797	9	27.125
7	21.863	7	20.732
15	832.082	15	848.679
15	259.534	15	266.297
13	141.042	13	143.553
13	128.462	13	145.694
2	883.804	2	881.708
9	20.117	9	22.383
5	10.745	5	10.199
3	5.250	3	5.209
5	6.799	5	6.624
7	358.439	7	355.357
1	871.546	1	874.209
6	1.270	6	1.267
1	0.652	1	0.680
3	0.636	3	0.664
3	1.798	3	1.843
3	24.333	3	23.263
8	853.229	8	850.581
3	6.939	3	7.056
6	871.776	6	868.407
19	859.747	19	858.351
3	1.695	3	1.794
3	0.804	3	1.030
3	0.844	3	0.929
1	879.442	1	879.534
1	884.466	1	884.250
8	2.898	8	2.662
4	875.844	4	876.670
9	2.031	9	2.110
6	13.492	6	15.519
7	352.385	7	324.122
5	607.074	5	593.044
4	55.946	4	53.619
2	844.760	2	824.568
3	1.971	3	1.691
11	859.372	11	859.515
2	866.513	2	863.847
6	202.426	6	202.023
19	832.160	19	830.533
4	51.463	4	54.482
35	174.393	35	178.397
6	8.347	6	9.260
30	119.893	30	122.568
10	6.904	10	7.007
4	1.181	4	1.270
			
12	15.189	12	15.417
3	2.628	3	2.683
13	12.216	13	11.045
0		0	
16	123.341	16	125.281
8	885.181	8	884.638
6	3.521	6	3.557
3	883.868	3	882.972
15	615.296	15	645.472
0		0	
3	2.206	3	2.283
2	3.244	2	3.220
14	866.027	14	877.321
8	6.277	8	6.761
21	70.099	21	65.950
3	2.475	3	2.598
5	5.923	5	6.830
16	55.385	16	51.403
14	868.022	14	867.095
7	61.435	7	61.240
10	8.187	10	8.850
9	8.606	9	11.271
6	100.579	6	104.351
3	3.382	3	3.984
6	40.003	6	42.047
16	23.939	16	22.209
5	12.383	5	12.286
6	14.620	6	14.389
25	791.660	25	828.849
0		0	
5	5.751	5	6.786
5	2.960	5	3.116
4	20.962	4	21.299
9	18.323	9	19.998
4	4.169	4	4.325
3	2.543	3	2.410
3	4.276	3	4.374
3	2.123	3	2.322
2	2.053	2	2.127
9	10.394	9	11.832
5	7.543	5	8.224
5	29.693	5	31.423
3	4.667	3	4.553
7	486.071	7	462.551
1	870.511	1	869.694
10	22.198	10	25.249
7	7.737	7	7.252
7	3.081	7	3.343
13	24.154	13	23.509
2	0.356	2	0.359
8	2.473	8	2.661
4	11.802	4	12.312
13	845.851	13	844.584
15	8.601	15	9.599
29	35.274	29	30.061
9	27.095	9	27.329
16	47.921	16	43.426
0		0	
1	852.202	1	853.673
11	875.901	11	876.463
15	170.882	15	182.806
4	44.063	4	43.634
21	239.511	21	245.245
13	89.954	13	92.239
36	793.898	36	803.207
4	434.957	4	427.875
4	878.451	4	876.973
6	470.964	6	474.741
10	875.805	10	875.626
44	849.263	44	857.986
1	872.287	1	867.822
7	38.304	7	41.073
16	803.735	16	800.547
10	67.982	10	67.945
7	132.618	7	122.805
25	124.270	25	133.074
5	23.267	5	23.043
9	234.190	9	248.252
10	27.609	10	28.015
19	59.553	19	62.406
20	59.802	20	59.695
11	268.124	11	256.955
3	9.234	3	9.507
14	753.334	14	768.529
1	4.299	1	4.252
1	5.806	1	7.363
6	881.666	6	878.176
7	110.363	7	116.312
8	31.181	8	37.054
0		0	
5	28.913	5	26.011
4	3.286	4	3.158
1	1.696	1	1.717
3	2.393	3	2.558
2	3.560	2	3.945
3	4.269	3	4.917
1	3.715	1	3.251
1	2.144	1	1.878
1	2.858	1	2.830
1	5.579	1	5.767
48	848.090	48	848.041
			
			
1	1.154	1	1.375
2	4.565	2	5.075
2	8.512	2	8.457
2	4.765	2	4.536
			
6	374.687	6	379.841
4	7.214	4	7.281
4	8.446	4	10.213
1	2.536	1	2.547
14	19.837	14	22.165
25	632.413	25	632.850
			
6	7.519	6	7.667
5	16.294	5	17.070
5	11.458	5	11.269
15	867.824	15	867.411
2	11.351	2	10.625
3	10.185	3	9.555
1	3.028	1	3.124
17	93.600	17	92.838
9	59.305	9	67.133
17	136.922	17	132.117
6	91.686	6	103.680
11	864.104	11	869.239
1	7.735	1	7.643
1	1.546	1	1.360
5	8.662	5	8.859
1	3.689	1	3.577
0		0	
0		0	
0		0	
			
6	209.906	6	222.237
2	8.919	2	9.312
			
94	868.141	94	867.893
13	420.610	13	410.675
24	851.287	24	853.296
18	43.767	18	46.472
4	16.887	4	15.589
57	865.635	57	864.084
4	875.136	4	876.713
4	885.525	4	886.466
5	11.737	5	11.199
6	883.266	6	878.121
4	9.402	4	8.631
			
11	877.694	11	877.597
1	1.260	1	1.510
1	1.455	1	1.338
1	2.051	1	2.255
			
37	728.409	37	742.003
1	1.778	1	2.102
1	20.478	1	20.790
1	2.654	1	2.911
2	20.449	2	16.279
3	14.331	3	14.535
1	1.236	1	1.271
7	31.597	7	29.481
10	82.775	10	91.599
24	823.643	24	821.037
9	871.934	9	869.583
5	6.201	5	6.539
2	877.689	2	878.899
20	868.822	20	870.682
13	20.831	13	21.172
5	63.363	5	66.274
6	14.162	6	15.209
0		0	
2	1.957	2	2.079
3	9.249	3	9.138
2	1.352	2	1.129
8	244.821	8	247.363
4	823.863	4	826.469
2	0.629	2	0.675
8	13.118	8	14.117
79	879.290	79	877.848
0		0	
5	81.575	5	78.940
49	829.599	49	830.373
1	0.566	1	0.576
0		0	
1	0.882	1	1.031
2	11.085	2	11.211
1	0.773	1	0.750
11	549.847	11	561.767
9	11.614	9	12.637
1	1.079	1	1.088
19	308.260	19	320.501
2	6.610	2	7.530
26	799.158	26	804.402
7	864.161	7	859.656
5	8.942	5	10.709
16	167.708	16	176.855
17	854.707	17	853.176
8	863.977	8	858.838
11	50.169	11	49.153
10	876.753	10	876.124
1	3.778	1	3.796
4	4.711	4	3.764
9	876.312	9	877.391
10	38.922	10	39.725
14	572.323	14	624.883
12	825.185	12	816.995
0		0	
5	25.952	5	29.191
2	2.974	2	3.168
3	880.019	3	881.539
2	2.408	2	2.593
23	378.704	23	378.019
			
5	74.284	5	82.296
18	876.577	18	869.282
18	367.831	18	469.002
3	14.707	3	13.189
11	744.623	11	681.520
3	13.575	3	13.205
11	550.011	11	581.238
4	5.666	4	5.517
6	18.144	6	21.478
12	38.867	12	40.372
24	257.915	24	277.532
23	70.909	23	74.373
20	144.142	20	143.373
13	20.815	13	23.024
9	84.469	9	91.832
1	869.326	1	869.896
10	829.621	10	826.241
13	171.080	13	157.290
2	5.686	2	5.767
3	176.965	3	186.301
46	856.257	46	855.513
5	873.266	5	871.544
1	2.360	1	2.317
1	2.169	1	2.456
4	882.507	4	881.484
6	883.511	6	882.809
3	11.316	3	11.764
4	883.415	4	882.561
11	522.372	11	549.203
3	2.363	3	2.147
5	875.397	5	875.217
18	715.073	18	588.680
6	337.032	6	337.237
2	1.155	2	1.237
7	48.194	7	51.765
3	5.057	3	5.572
2	1.758	2	1.827
13	868.738	13	870.023
29	102.281	29	105.421
2	1.224	2	1.189
6	30.330	6	30.986
35	779.730	35	772.434
6	31.691	6	34.518
11	13.173	11	12.228
12	24.975	12	25.026
2	0.397	2	0.407
5	16.968	5	18.087
5	14.307	5	17.796
7	55.871	7	56.349
3	4.155	3	4.207
1	0.064	1	0.066
1	0.093	1	0.097
1	0.086	1	0.087
1	0.088	1	0.095
1	0.065	1	0.065
1	0.093	1	0.095
1	0.089	1	0.091
1	0.108	1	0.108
1	0.074	1	0.057
1	0.061	1	0.062
1	0.063	1	0.056
2	0.328	2	0.335
1	0.059	1	0.057
1	0.135	1	0.142
1	0.058	1	0.056
1	0.056	1	0.060
2	0.338	2	0.354
1	0.063	1	0.061
1	0.088	1	0.070
1	0.061	1	0.060
1	0.134	1	0.141
1	0.014	1	0.021
3	0.315	3	0.336
1	0.010	1	0.011
1	0.065	1	0.062
1	0.027	1	0.031
1	0.014	1	0.010
1	0.018	1	0.016
2	0.420	2	0.439
6	9.613	6	8.515
4	9.194	4	9.507
2	0.056	2	0.057
2	0.047	2	0.041
1	0.012	1	0.012
1	0.010	1	0.011
1	0.023	1	0.023
1	0.010	1	0.011
11	5.401	11	6.185
0		0	
1	0.026	1	0.026
1	0.011	1	0.013
1	0.011	1	0.011
1	0.020	1	0.020
1	0.033	1	0.033
1	0.015	1	0.011
1	0.025	1	0.022
1	0.022	1	0.023
2	0.070	2	0.080
2	0.067	2	0.070
3	0.588	3	0.617
1	0.043	1	0.044
5	7.595	5	8.014
1	0.033	1	0.034
1	0.021	1	0.026
1	0.044	1	0.043
2	0.041	2	0.040
1	0.054	1	0.053
1	0.057	1	0.058
1	0.050	1	0.050
1	0.018	1	0.019
1	0.018	1	0.018
1	0.032	1	0.033
1	0.020	1	0.020
1	0.012	1	0.012
1	0.019	1	0.018
1	0.027	1	0.027
1	0.027	1	0.028
4	2.595	4	2.740
4	2.792	4	2.807
4	2.591	4	2.660
0		0	
0		0	
0		0	
0		0	
0		0	
0		0	
0		0	
0		0	
0		0	
0		0	
29	57.961	29	59.307
28	54.583	28	50.131
12	2.617	12	2.668
12	2.224	12	2.260
83	491.053	83	486.728
13	5.185	13	5.292
22	22.454	22	24.884
40	96.760	40	113.071
107	729.533	107	785.469
28	27.762	28	26.210
31	32.007	31	30.602
34	39.168	34	39.310
37	55.653	37	47.002
40	70.245	40	72.615
40	69.581	40	69.323
40	70.876	40	73.317
40	67.963	40	78.634
13	5.471	13	5.543
24	13.918	24	14.996
44	47.018	44	43.513
65	136.013	65	134.994
100	565.947	100	537.650
154	485.790	154	503.235
222	578.210	222	582.150
40	39.783	40	40.766
40	41.330	40	45.142
6	1.621	6	1.632
33	95.415	33	85.679
116	199.338	116	204.349
148	844.462	148	813.166
147	878.156	147	876.863
142	873.938	142	873.853
7	3.046	7	3.141
15	8.686	15	8.429
10	3.165	10	3.236
82	635.741	82	654.582
13	6.588	13	6.553
25	47.255	25	49.372
38	69.635	38	68.324
74	875.541	74	874.836
124	857.786	124	858.519
28	18.236	28	14.119
31	17.048	31	18.399
34	19.765	34	23.942
37	31.136	37	31.655
40	43.146	40	42.438
40	53.541	40	45.756
61	863.568	61	864.576
65	858.081	65	858.241
65	858.501	65	857.385
45	879.143	45	878.968
46	878.682	46	878.903
47	874.250	47	875.615
35	884.900	35	885.266
35	884.934	35	884.792
35	885.163	35	885.015
35	884.485	35	885.256
35	884.579	35	884.722
35	885.043	35	884.943
35	884.983	35	884.962
20	883.889	20	882.940
20	882.773	20	883.424
20	882.569	20	882.433
20	882.765	20	882.188
20	881.991	20	883.051
20	882.542	20	882.188
57	522.322	57	550.946
58	418.865	58	474.105
56	855.242	56	854.922
54	882.497	54	882.464
54	883.045	54	883.258
54	881.090	54	883.399
54	883.736	54	883.793
59	881.206	59	880.303
64	881.292	64	882.565
64	882.002	64	882.869
73	883.618	73	883.920
73	882.910	73	880.194
50	880.643	50	879.625
50	879.616	50	879.931
50	877.085	50	875.784
33	885.066	33	882.732
33	884.973	33	884.885
33	883.809	33	884.262
33	885.028	33	884.745
33	881.984	33	883.725
33	884.179	33	884.586
33	884.315	33	884.368
33	884.580	33	884.210
19	882.025	19	882.753
19	882.067	19	882.901
19	882.588	19	881.730
19	881.798	19	882.928
19	882.868	19	881.604
19	882.263	19	882.277
19	882.762	19	882.657
1	884.028	1	879.468
1	869.308	1	868.954
1	881.266	1	883.957
1	869.483	1	870.795
1	882.318	1	882.283
1	865.762	1	869.483
1	882.905	1	882.742
1	867.511	1	866.535
1	862.998	1	866.639
1	850.345	1	850.215
1	885.294	1	883.152
1	873.331	1	874.332
1	884.487	1	884.639
1	869.665	1	872.210
1	886.396	1	887.752
1	887.713	1	887.547
1	888.395	1	887.247
1	881.344	1	888.232
1	886.862	1	886.856
1	886.930	1	887.039
5	879.630	5	880.078
1	883.879	1	883.355
1	877.157	1	877.258
1	887.803	1	886.328
1	887.221	1	888.448
45	879.820	45	879.213
35	884.888	35	884.896
20	882.610	20	882.727
56	853.834	56	854.388
54	883.384	54	883.122
54	883.095	54	882.435
59	880.438	59	879.402
64	882.400	64	882.361
64	881.725	64	881.611
73	884.357	73	883.226
73	883.813	73	883.872
50	879.687	50	879.017
33	884.155	33	884.009
33	884.533	33	884.857
19	883.123	19	882.536
19	882.362	19	880.837
1	884.406	1	884.082
1	870.014	1	871.010
1	881.736	1	881.816
1	869.284	1	867.876
1	864.570	1	865.311
1	864.333	1	851.408
1	849.287	1	819.102
1	818.299	1	814.952
1	884.909	1	885.728
1	869.926	1	873.734
1	885.172	1	883.980
1	874.026	1	874.417
1	884.996	1	885.003
1	872.060	1	872.753
1	885.390	1	887.454
1	888.132	1	888.047
1	886.420	1	886.582
1	886.795	1	885.245
1	886.017	1	886.099
1	886.922	1	887.032
5	880.573	5	880.806
5	880.481	5	880.558
6	879.944	6	878.678
1	883.152	1	883.420
1	871.250	1	878.002
1	888.998	1	888.354
1	889.136	1	889.441
1	888.062	1	887.383
1	888.835	1	887.982
9	48.922	9	53.552
7	30.990	7	29.229
10	106.951	10	117.091
5	881.876	5	881.664
12	202.494	12	199.838
10	344.790	10	376.761
8	163.069	8	154.430
9	46.780	9	46.750
7	32.610	7	32.463
7	28.076	7	28.054
8	33.480	8	31.212
8	34.939	8	32.906
5	881.893	5	878.400
12	184.421	12	184.557
12	328.867	12	336.601
8	157.181	8	150.527
6	166.679	6	159.363
8	35.508	8	32.364
8	182.479	8	164.748
14	4.415	14	4.624
54	44.018	54	44.745
15	24.894	15	27.198
21	33.087	21	40.455
96	298.302	96	300.371
14	5.953	14	6.164
63	130.292	63	137.812
16	295.488	16	297.603
15	29.866	15	30.718
2	0.536	2	0.584
2	0.593	2	0.594
2	0.583	2	0.595
2	0.598	2	0.629
2	0.666	2	0.639
2	0.754	2	0.754
2	0.746	2	0.767
2	0.747	2	0.780
1	0.094	1	0.094
2	0.787	2	0.767
1	0.092	1	0.092
2	0.761	2	0.795
1	0.092	1	0.094
2	0.812	2	0.822
1	0.093	1	0.093
2	0.749	2	0.804
1	0.093	1	0.095
1	0.092	1	0.092
1	0.091	1	0.096
2	0.548	2	0.592
2	0.633	2	0.638
2	0.604	2	0.613
2	0.621	2	0.629
2	0.692	2	0.639
2	0.803	2	0.789
2	1.760	2	1.768
2	0.784	2	0.791
2	1.040	2	1.037
2	0.785	2	0.843
2	0.888	2	0.893
2	0.938	2	0.820
2	1.064	2	1.100
2	0.776	2	0.762
2	1.242	2	1.218
2	1.243	2	1.187
2	1.520	2	1.459
