43.821	58.160
113.920	128.997
114.153	154.382
0.811	0.758
0.218	0.218
0.309	0.322
0.111	0.126
13.407	14.742
0.073	0.075
0.181	0.194
0.380	0.407
0.043	0.049
0.385	0.411
0.401	0.395
	
9.234	10.026
29.318	48.490
	
0.762	0.881
4.727	4.817
58.017	50.248
50.957	54.703
79.119	82.022
29.247	30.358
46.504	52.239
680.182	672.129
31.399	29.099
43.587	47.922
42.809	37.132
28.304	27.011
28.105	28.506
227.593	236.590
7.818	8.475
12.969	11.776
317.618	444.867
8.697	8.574
0.009	0.010
0.019	0.020
0.032	0.037
0.035	0.042
0.033	0.033
0.018	0.019
0.031	0.031
0.150	0.145
0.156	0.172
0.089	0.085
0.029	0.029
26.913	153.893
19.477	19.893
11.058	14.539
128.856	148.805
13.980	13.507
896.530	895.283
896.614	896.619
859.124	897.050
895.373	895.658
289.380	303.014
530.835	171.880
101.485	85.780
166.619	203.797
63.441	92.573
191.115	240.244
133.623	476.816
177.155	232.127
896.479	896.722
895.465	897.003
896.684	896.783
896.047	896.647
896.171	896.975
896.403	896.134
895.273	896.892
896.924	897.305
896.117	896.835
896.042	895.948
895.852	896.301
895.560	895.645
896.239	896.119
896.104	896.032
896.982	896.837
896.576	896.225
896.740	896.934
896.505	896.727
749.688	763.839
846.502	845.040
868.011	863.897
771.339	770.960
240.073	433.227
4.863	4.985
0.017	0.018
173.045	182.459
0.017	0.017
143.458	154.412
0.051	0.048
0.021	0.022
0.545	0.554
0.298	0.285
0.698	0.715
0.018	0.017
0.090	0.086
	
0.226	0.245
0.245	0.246
0.623	0.631
0.232	0.227
0.319	0.253
0.017	0.017
0.664	0.668
1.070	1.081
0.024	0.022
	
313.430	329.714
0.403	0.381
0.076	0.074
0.037	0.037
118.058	137.299
0.225	0.236
0.259	0.238
0.032	0.034
0.031	0.030
7.238	9.100
1.593	1.616
4.341	4.590
0.255	0.285
0.349	0.364
25.198	35.163
28.702	44.072
502.890	732.229
895.205	895.060
32.194	38.090
36.064	37.472
67.306	65.303
51.062	42.431
99.069	106.561
276.176	272.041
43.816	33.527
69.483	70.718
12.655	12.157
30.860	27.749
17.452	19.270
20.150	21.448
25.979	22.060
19.255	18.842
668.120	661.696
91.851	98.950
33.063	32.132
561.262	547.831
31.397	35.297
25.101	32.979
31.689	30.147
0.441	0.431
10.558	11.006
10.353	11.850
11.390	13.129
12.605	11.100
27.429	26.888
0.872	0.830
0.274	0.256
20.997	22.516
29.424	29.592
25.311	32.975
32.027	35.523
32.594	35.687
28.706	30.487
0.107	0.111
0.120	0.123
10.686	10.773
14.007	14.431
17.970	17.780
23.590	20.438
26.355	27.961
27.617	30.586
2.412	2.620
3.629	3.777
4.665	4.752
7.091	7.328
8.935	8.760
33.765	36.928
70.562	81.088
46.436	55.244
55.967	57.789
33.185	43.586
29.034	32.743
34.706	39.793
40.931	42.955
17.927	20.336
46.577	56.554
26.344	29.480
35.282	40.340
45.287	52.704
13.753	14.249
12.490	13.720
19.255	21.313
459.799	382.052
9.733	10.233
9.464	9.010
10.364	12.187
14.043	16.863
19.096	15.971
17.202	15.410
15.627	13.381
15.849	16.632
16.938	13.359
19.007	24.859
16.758	16.905
13.381	15.099
17.143	18.291
13.143	15.805
17.421	15.335
17.283	20.007
175.351	178.380
462.870	474.287
240.324	204.529
324.113	404.439
469.008	458.564
406.790	441.998
188.658	183.325
160.743	253.841
468.458	458.472
452.703	458.769
450.575	412.645
203.815	212.342
208.783	223.581
426.835	433.018
288.012	297.892
464.838	448.195
457.194	440.123
207.073	187.510
210.944	221.579
239.590	190.894
208.432	192.668
203.663	187.565
151.007	150.881
202.342	171.195
542.772	539.832
540.527	540.124
523.504	538.155
536.285	530.485
537.249	536.848
540.023	543.595
515.271	512.122
404.844	516.282
514.783	516.464
527.965	522.115
509.031	298.968
511.143	500.644
524.320	451.965
505.546	523.865
502.894	433.777
499.049	517.028
516.244	533.579
504.393	511.042
523.237	508.799
516.505	531.320
129.752	134.181
72.062	76.131
68.735	61.451
365.080	366.360
36.999	37.798
37.540	37.215
36.625	36.449
36.125	37.460
36.173	38.073
38.020	37.780
37.651	37.683
36.049	35.842
37.530	37.082
39.685	39.582
38.365	39.656
36.528	38.380
38.171	40.232
38.176	38.454
36.298	36.880
36.384	36.444
38.170	37.685
45.953	37.357
37.466	36.340
38.094	40.303
41.666	40.732
37.506	38.144
38.033	39.677
36.555	37.962
37.242	35.707
358.340	440.445
434.071	441.509
437.652	442.826
441.076	438.663
431.474	440.612
431.049	441.820
439.011	440.812
438.598	437.880
395.971	439.138
442.057	437.782
378.910	436.911
332.894	335.667
336.035	333.074
342.135	340.418
334.851	341.577
329.637	337.612
276.613	343.615
334.197	296.309
336.045	342.456
345.063	337.638
325.745	336.532
339.976	298.974
335.539	339.345
239.339	289.784
456.446	473.359
332.831	336.126
343.958	359.375
461.723	467.110
348.300	348.504
445.563	454.411
335.809	351.364
463.596	430.974
446.041	499.439
354.035	353.729
457.385	461.637
358.419	363.681
373.989	358.514
453.168	449.825
362.177	350.993
477.402	456.806
526.918	470.149
366.569	362.274
319.506	324.129
463.830	458.957
377.981	358.156
505.752	513.428
496.896	504.127
517.774	513.602
230.664	228.420
233.077	238.589
236.595	236.272
231.393	233.084
236.275	233.026
229.781	228.732
240.900	240.767
229.950	230.679
231.218	234.721
227.153	238.537
234.466	233.717
230.846	238.071
239.702	237.768
234.656	234.876
235.656	240.643
232.897	238.295
228.467	241.503
230.134	228.852
236.658	237.790
230.398	236.104
238.829	237.000
228.622	239.967
237.595	237.646
226.701	238.033
104.180	111.752
22.697	28.606
69.784	80.760
5.971	6.598
10.954	11.869
9.606	11.022
7.312	7.591
6.077	5.726
4.441	4.011
15.949	16.043
21.564	28.813
4.633	4.713
13.857	15.493
104.515	102.277
12.993	15.928
167.007	180.639
152.791	323.561
763.566	767.272
478.096	432.870
69.457	85.381
37.188	45.675
778.101	783.114
6.104	5.047
819.679	821.119
268.193	231.025
820.055	827.798
5.506	5.413
832.661	823.300
25.581	28.743
742.622	751.323
727.488	778.939
744.966	803.931
751.331	802.495
414.378	437.485
98.625	89.036
820.311	820.836
303.243	267.697
271.957	275.661
738.593	757.832
837.883	840.142
115.033	134.607
118.439	132.788
860.880	860.536
117.953	123.660
167.603	135.224
570.928	610.597
169.574	176.115
675.306	698.047
388.321	436.159
714.533	699.545
51.326	53.590
789.588	799.028
164.173	153.434
191.579	190.072
142.775	164.301
62.244	72.340
13.658	14.446
18.478	22.758
25.196	30.835
7.504	6.859
12.806	12.362
26.397	25.523
16.616	15.459
30.241	34.809
293.471	388.538
14.869	15.404
35.162	39.391
22.126	22.210
23.152	25.449
109.378	118.128
18.340	18.112
69.275	78.280
427.522	466.283
18.755	21.066
240.273	294.500
11.555	11.695
22.081	23.051
22.504	53.756
29.817	33.776
52.921	53.039
68.584	35.812
14.654	15.066
99.161	104.935
6.521	6.427
870.270	869.309
16.540	21.113
7.574	8.034
15.854	18.455
23.097	25.096
33.919	54.379
91.835	82.706
85.470	99.847
873.022	872.664
118.511	144.285
35.156	41.156
40.165	44.049
37.958	41.103
51.575	62.033
8.287	8.201
17.041	20.250
148.378	134.250
86.780	90.846
104.893	122.513
120.415	138.343
8.720	8.707
12.774	17.469
66.740	65.359
39.918	66.808
62.978	87.815
21.451	37.734
70.607	69.837
188.522	201.112
44.954	46.660
69.393	72.709
19.089	42.114
14.722	10.906
32.579	51.620
64.787	74.260
12.239	12.565
237.822	234.714
11.645	12.156
68.091	69.630
143.274	152.601
799.656	818.862
12.505	11.673
13.221	13.795
123.473	172.507
97.969	139.560
67.183	70.908
191.000	190.719
177.278	180.009
26.512	26.093
480.059	467.914
871.912	872.030
22.397	23.547
27.690	32.696
863.239	864.229
25.714	31.227
439.913	427.159
27.860	28.990
849.827	852.052
30.339	26.802
411.829	433.883
27.240	26.376
433.598	428.798
23.377	24.815
22.985	24.865
24.180	31.012
24.749	25.167
471.244	491.864
70.271	72.284
31.931	30.212
423.871	437.820
23.378	33.429
31.852	26.789
49.135	74.924
31.100	32.619
8.238	6.597
9.416	8.492
16.288	19.105
16.755	15.604
24.835	26.855
8.412	7.966
19.571	21.326
19.814	20.268
430.250	269.709
7.495	7.930
12.733	13.061
564.830	559.851
7.377	8.483
28.952	27.851
19.725	13.776
6.401	7.105
11.431	11.554
94.257	102.124
6.645	7.224
14.347	15.438
116.282	245.391
7.751	7.415
205.641	253.140
204.849	287.171
818.459	822.600
79.469	83.650
112.749	80.597
52.576	58.665
57.907	53.136
65.032	67.541
295.237	289.997
350.010	470.539
79.927	113.091
80.139	68.450
60.926	53.706
55.416	48.703
58.482	55.590
80.516	68.656
83.723	85.613
83.221	108.786
86.744	88.298
150.136	123.794
77.712	84.143
50.903	59.373
60.772	61.890
77.883	88.152
81.966	80.847
192.180	235.371
162.891	184.623
74.589	94.080
106.921	112.870
78.798	86.696
111.519	132.693
642.402	607.427
143.286	152.837
657.159	663.836
147.934	168.697
113.925	144.642
110.190	124.523
655.437	667.970
134.244	156.337
131.484	158.821
168.660	173.309
564.309	636.275
170.765	162.723
195.835	199.908
713.979	722.063
576.477	618.222
178.849	203.108
553.831	636.000
735.109	791.160
11.315	12.055
10.136	10.122
2.363	2.417
3.185	3.298
2.748	2.415
2.616	2.683
3.144	2.972
2.645	2.555
2.728	2.793
2.843	3.105
2.584	2.654
2.707	2.798
3.088	2.963
2.707	2.876
3.860	3.665
3.768	3.762
2.989	2.985
2.667	2.602
2.304	2.415
4.895	4.889
2.567	2.687
2.756	2.692
2.875	2.936
2.548	2.704
2.339	2.352
2.480	2.295
2.975	2.568
2.984	2.896
2.372	2.383
4.882	4.826
3.327	3.283
4.055	3.911
3.014	2.977
2.204	2.126
3.097	2.778
2.911	2.922
3.127	3.102
2.911	3.099
3.781	3.792
3.439	3.451
3.221	3.281
3.472	3.373
2.694	2.827
2.960	2.752
2.552	2.571
3.361	3.398
2.622	2.659
2.910	2.911
323.329	293.180
2.255	2.249
63.774	63.765
420.023	409.034
11.693	14.080
6.377	6.179
3.407	3.118
2.881	3.097
2.832	3.102
11.332	10.642
2.721	2.780
2.823	3.007
2.746	2.810
3.191	3.071
2.816	2.952
3.142	2.954
10.263	12.570
2.632	2.761
90.149	97.996
2.454	2.296
3.263	3.451
5.981	6.468
575.943	590.893
628.544	623.631
143.283	138.997
2.803	2.944
4.904	5.061
19.693	19.001
2.896	2.755
10.189	10.889
3.212	3.233
57.485	62.245
194.535	162.905
3.189	3.188
2.882	3.057
83.101	95.434
199.475	222.586
2.051	2.326
148.498	325.653
2.376	2.364
6.773	8.578
2.520	2.585
3.173	3.407
2.733	3.076
2.640	2.938
2.633	2.709
134.285	129.879
2.480	2.542
2.583	2.592
234.516	262.730
2.333	2.252
2.567	2.433
20.156	18.414
18.876	18.888
19.604	19.301
21.581	15.866
17.982	18.761
15.430	13.962
18.195	16.648
15.706	23.977
16.749	14.525
17.652	16.128
16.829	18.081
17.063	17.162
19.273	17.910
17.806	18.554
17.630	17.528
17.726	18.032
17.253	19.217
18.704	25.295
18.162	17.415
17.807	17.509
18.653	25.449
17.734	18.429
17.620	17.592
18.830	18.283
17.991	18.429
19.083	18.908
20.183	19.724
16.332	16.567
19.270	18.277
24.333	17.607
18.467	18.820
18.533	16.517
18.204	18.398
21.460	19.194
16.987	17.866
19.212	19.216
17.222	17.625
16.934	19.084
17.137	17.406
18.930	18.937
17.520	18.279
16.749	17.341
16.186	15.770
18.492	16.920
16.380	16.816
16.021	16.461
18.844	16.284
427.963	404.824
456.612	456.115
176.584	193.718
144.934	162.740
446.062	477.671
450.789	445.078
174.670	210.656
256.400	188.792
239.378	197.184
255.476	260.306
204.751	208.557
204.710	263.084
439.843	458.635
447.743	437.473
435.996	343.938
248.501	217.495
452.875	459.981
450.593	393.121
206.791	278.117
225.370	204.206
439.246	454.622
369.962	446.537
446.105	448.415
440.006	417.317
201.812	186.845
185.033	185.008
433.265	441.006
434.082	445.898
452.357	418.157
243.768	207.913
185.896	232.710
19.894	17.881
21.740	22.695
178.944	179.670
203.978	285.668
19.022	19.541
528.442	548.096
522.774	506.374
523.730	525.893
501.158	505.666
535.179	553.709
539.991	516.793
525.653	547.278
521.487	525.589
519.171	527.795
521.299	541.813
494.536	540.715
528.984	534.892
532.820	535.897
534.022	504.370
524.431	528.349
537.869	531.203
542.216	534.579
514.974	542.562
515.521	514.616
515.608	499.908
501.820	512.652
492.913	520.321
504.837	517.716
507.467	509.765
519.183	457.973
399.920	512.417
300.942	498.492
507.288	510.421
476.282	520.700
72.216	69.117
74.393	75.328
74.020	71.496
360.658	395.331
66.758	69.077
130.657	133.741
70.674	68.891
38.979	39.130
37.219	45.919
37.609	38.220
37.688	39.139
35.444	38.720
40.925	41.615
43.487	44.148
41.679	41.070
41.283	39.882
42.923	42.828
41.847	48.554
41.550	42.275
40.840	42.508
39.195	37.256
41.034	40.968
38.559	39.245
38.897	39.058
37.760	38.402
38.612	39.408
37.372	37.526
36.205	36.671
37.736	43.654
37.619	38.407
38.278	37.193
38.643	38.395
38.788	41.550
40.791	43.919
44.222	48.930
40.917	42.974
49.567	40.862
42.289	43.031
41.361	42.343
42.249	39.178
39.503	39.056
44.736	40.870
438.166	434.165
438.406	431.979
421.531	429.172
426.903	438.936
425.152	431.143
428.500	436.375
433.514	435.944
438.319	436.900
423.920	439.175
355.185	434.771
444.145	430.318
435.356	432.223
374.438	426.838
271.527	336.379
321.891	328.341
324.043	289.573
336.813	335.611
286.719	333.654
269.441	329.199
332.939	333.355
328.472	291.286
332.741	330.599
331.852	281.708
332.575	331.921
298.364	331.983
329.630	328.572
284.219	291.544
279.236	288.805
283.016	289.311
282.137	283.551
287.508	287.889
282.773	288.922
236.642	291.311
286.986	291.426
239.560	287.414
267.925	290.857
390.520	383.577
541.637	541.933
374.789	373.769
441.460	471.836
526.156	521.492
387.989	374.573
398.149	394.450
362.546	379.284
479.064	492.537
396.615	385.640
470.898	513.225
364.919	362.457
484.389	475.482
400.519	398.430
517.591	523.089
534.454	519.886
401.149	391.581
528.170	529.317
375.803	364.608
476.440	480.819
530.819	521.745
403.423	401.426
388.730	376.719
519.575	537.370
388.275	373.527
476.184	475.912
394.274	385.441
397.789	408.164
473.759	471.733
467.038	518.708
402.558	398.047
485.413	475.731
400.423	399.586
398.996	404.588
474.132	478.100
379.461	393.251
237.896	241.074
232.415	233.581
225.946	229.592
229.826	230.687
234.812	233.200
239.477	236.723
247.509	237.896
227.655	234.161
229.069	235.232
232.161	234.340
226.310	229.326
233.664	234.368
248.450	236.999
247.658	236.683
225.633	233.966
231.504	236.662
224.760	235.025
240.431	240.914
240.392	237.916
228.614	232.567
234.469	231.809
237.236	239.819
232.180	230.413
241.673	236.091
235.534	234.637
233.751	235.574
233.589	233.773
235.010	228.916
229.775	235.626
234.341	241.720
232.922	231.071
222.646	229.814
229.894	231.587
245.129	239.014
232.834	230.301
238.365	236.121
35.233	51.854
55.047	77.697
126.675	212.475
1.176	1.215
1.176	1.201
1.105	1.285
1.225	1.241
1.253	1.231
1.175	1.192
1.108	1.378
1.207	1.194
12.055	13.422
17.423	18.644
7.448	7.823
126.734	252.595
86.015	127.642
96.801	115.042
1.196	1.183
1.100	1.173
1.145	1.165
1.143	1.158
10.377	14.141
30.613	26.738
16.306	19.036
16.237	16.706
1.456	1.286
1.483	1.149
1.411	1.423
1.404	1.395
1.476	1.519
1.298	1.261
1.535	1.341
1.073	1.180
7.538	8.437
18.133	18.903
4.594	4.261
6.618	7.433
4.667	4.952
14.137	15.767
1.433	1.419
1.336	1.385
1.285	1.431
1.549	1.549
136.906	146.278
409.303	437.515
0.613	0.678
841.959	819.785
5.890	5.805
181.610	159.673
182.957	169.390
199.296	195.609
19.823	21.724
93.921	103.703
45.581	44.620
74.220	83.762
41.405	45.335
49.650	52.189
832.708	832.220
769.731	779.520
772.483	769.612
409.936	421.454
0.499	0.460
844.892	842.628
5.766	5.891
164.004	178.522
160.068	152.285
172.927	172.347
188.176	184.266
176.651	192.528
51.172	50.978
58.245	67.855
44.891	41.812
792.050	791.912
778.929	783.472
784.615	789.549
1.282	1.146
0.421	0.432
131.648	159.000
159.210	154.125
210.765	202.730
155.034	174.734
182.673	197.793
62.298	64.235
60.147	80.293
55.895	58.653
774.730	781.547
755.115	783.677
834.754	837.150
782.305	743.283
362.121	405.405
823.523	833.415
111.768	134.700
830.371	830.989
132.440	135.232
763.689	809.898
750.933	756.687
846.467	848.716
768.352	774.831
848.806	846.100
317.110	329.255
749.266	777.575
826.459	839.526
356.260	340.824
417.857	444.986
861.991	854.173
442.937	494.231
862.914	861.922
496.021	520.998
155.461	161.418
426.968	414.263
862.256	862.239
770.897	790.403
250.475	266.635
643.957	633.601
238.127	237.520
763.812	765.612
625.919	641.157
783.114	755.066
180.986	195.340
786.474	794.390
651.950	629.009
791.007	791.883
652.194	650.374
189.050	198.009
95.358	113.104
464.694	385.407
20.193	20.288
33.984	33.307
24.308	27.314
18.478	19.971
41.249	42.296
19.346	17.863
35.765	34.204
19.524	20.832
39.207	32.145
38.991	37.598
18.751	19.932
50.928	69.667
620.646	620.663
30.467	32.805
18.409	20.010
27.446	27.784
23.528	26.289
21.493	21.544
31.146	33.853
17.590	24.239
61.139	61.983
42.410	50.538
19.956	20.588
40.205	45.732
17.383	17.310
24.421	22.931
18.233	18.423
37.902	41.597
17.660	17.742
16.045	13.272
56.852	61.150
309.970	323.486
23.946	27.572
31.419	34.251
118.871	146.086
7.578	7.761
21.651	23.248
11.031	13.570
199.800	257.342
7.791	8.357
213.181	207.392
9.783	11.070
367.336	441.730
7.322	7.274
514.727	575.042
212.447	261.291
2.163	2.234
10.782	12.067
16.474	18.888
269.027	278.736
2.417	2.637
14.673	17.467
2.778	2.399
69.831	59.731
22.752	25.930
2.255	2.161
12.466	12.645
23.920	27.101
129.119	137.728
67.788	98.466
241.864	276.405
125.484	108.910
11.831	11.055
334.935	400.156
94.306	74.057
289.772	336.597
11.262	11.181
86.991	99.864
36.619	48.255
13.302	12.659
249.019	253.988
13.750	13.592
60.738	58.370
87.998	130.783
71.871	76.853
191.542	201.223
77.775	82.866
12.004	12.387
68.912	83.240
13.266	13.765
87.148	87.536
856.908	856.501
12.486	12.076
249.115	259.261
57.982	63.547
220.045	214.391
117.947	206.085
204.381	200.098
74.917	79.581
188.550	218.592
63.742	74.887
96.705	68.088
41.023	61.613
247.891	269.960
60.836	56.867
35.867	57.866
79.934	75.998
10.790	13.264
67.471	68.995
218.616	202.697
16.668	17.193
11.229	12.359
72.345	73.313
89.675	98.137
32.165	34.376
424.671	416.967
23.701	49.984
27.718	29.953
425.144	439.094
862.874	863.820
28.946	28.406
480.608	496.333
26.194	27.603
423.777	423.477
23.389	50.802
412.716	418.150
88.064	86.716
46.701	28.735
31.093	30.224
528.960	586.723
23.803	50.111
226.646	223.623
30.463	32.459
414.234	426.168
407.002	491.849
422.556	428.826
104.081	129.516
34.771	33.937
49.175	52.670
415.267	413.664
31.853	33.303
23.760	25.491
28.511	28.694
25.440	23.217
419.195	425.052
14.273	17.033
27.175	28.543
31.632	34.444
429.954	406.593
48.871	81.634
12.093	12.591
17.485	19.491
42.333	58.102
13.534	13.340
18.765	19.603
101.603	113.285
22.533	21.257
53.392	62.465
63.907	93.178
22.467	22.498
23.388	28.073
9.301	10.673
22.843	25.267
40.235	54.474
13.296	10.984
21.530	22.790
16.793	19.960
31.841	40.154
18.721	21.557
12.567	14.557
37.483	41.170
43.691	44.329
18.284	19.094
29.468	39.876
8.704	11.731
20.365	22.607
27.833	35.118
34.596	35.565
12.390	10.450
31.976	42.851
84.428	116.468
25.505	29.167
47.684	65.852
18.347	19.465
25.117	27.446
157.378	202.236
72.312	77.079
72.386	75.751
95.825	119.386
56.151	53.243
58.655	63.689
93.345	84.829
81.752	86.917
77.540	75.681
82.757	101.313
87.219	93.268
196.774	194.924
153.040	164.341
92.400	93.058
82.046	83.196
79.659	81.299
74.666	77.695
59.328	57.078
61.670	58.478
89.043	89.713
443.069	454.384
132.207	118.479
58.119	58.712
80.993	76.606
77.514	80.140
67.193	88.408
82.477	74.218
70.830	81.527
60.718	67.564
50.716	64.078
62.438	62.982
79.089	78.648
118.568	93.151
83.743	110.263
797.961	805.318
733.156	713.487
189.017	182.059
133.622	156.139
77.491	81.899
81.961	94.963
732.509	731.367
178.569	187.669
141.737	156.024
69.721	85.241
80.469	100.726
139.056	138.845
75.485	83.085
741.590	747.106
190.243	199.538
413.486	427.329
164.845	173.204
141.610	131.285
403.169	422.265
410.621	440.012
164.552	141.985
127.338	144.005
413.100	416.193
666.119	624.911
154.080	164.717
186.467	179.805
220.241	233.927
261.949	265.827
205.465	249.615
285.287	269.525
711.982	713.696
574.893	653.117
210.166	226.456
176.033	206.339
221.555	209.533
721.055	681.558
186.564	194.051
0.211	0.221
0.079	0.079
0.022	0.022
0.676	0.686
0.489	0.522
0.183	0.210
0.425	0.490
0.172	0.186
0.191	0.202
0.117	0.126
882.760	882.879
0.023	0.021
0.069	0.069
0.554	0.549
0.374	0.373
0.546	0.579
0.354	0.382
0.393	0.423
0.226	0.226
0.119	0.123
0.135	0.137
0.022	0.022
0.022	0.023
0.107	0.118
0.026	0.028
0.024	0.026
0.132	0.134
0.038	0.041
0.466	0.515
11.940	25.285
0.359	0.406
0.011	0.012
0.211	0.239
	
0.091	0.092
70.402	84.375
4.125	3.443
0.076	0.080
0.080	0.086
0.185	0.206
10.041	9.504
0.092	0.091
0.375	0.371
0.345	0.378
1.581	1.171
0.114	0.118
0.130	0.130
886.583	886.334
0.328	0.304
0.151	0.156
0.089	0.091
633.085	654.676
880.536	879.961
878.596	879.831
0.067	0.065
0.069	0.068
884.341	883.649
0.360	0.391
0.042	0.038
	
0.043	0.044
0.261	0.258
0.031	0.032
0.036	0.032
0.033	0.051
0.793	0.827
1.527	1.566
0.454	0.413
0.742	0.821
0.262	0.244
0.120	0.125
0.027	0.028
0.030	0.029
0.029	0.039
0.025	0.026
0.038	0.029
0.025	0.026
0.039	0.021
0.036	0.029
0.044	0.045
0.042	0.051
888.675	887.025
1.459	1.543
0.044	0.039
420.478	425.159
889.888	887.450
296.501	336.568
52.538	66.595
0.114	0.113
0.090	0.081
0.030	0.030
0.029	0.033
0.031	0.029
0.482	0.459
0.030	0.030
0.058	0.063
0.039	0.041
0.029	0.030
3.077	3.932
0.264	0.280
0.338	0.368
11.633	13.387
1.501	1.752
56.586	63.110
139.269	154.467
16.571	20.746
2.142	2.251
0.248	0.259
0.178	0.171
31.838	388.235
0.118	0.128
2.070	2.148
0.209	0.229
0.255	0.246
0.080	0.082
16.114	18.468
7.190	9.379
0.180	0.205
1.830	2.062
0.431	0.370
	
0.409	0.377
0.413	0.432
280.787	282.715
2.435	2.855
0.180	0.179
434.486	478.124
1.958	2.460
0.038	0.037
0.543	0.666
	
0.161	0.173
0.273	0.283
0.277	0.277
0.036	0.030
0.034	0.044
0.042	0.029
1.192	1.700
0.031	0.031
0.656	0.822
1.150	1.327
8.018	16.120
867.476	866.406
866.591	866.673
867.677	867.178
866.648	867.157
850.163	863.491
684.545	698.073
729.872	720.890
742.789	714.839
718.136	715.239
681.060	714.990
689.268	739.134
676.575	730.301
713.324	690.696
717.361	724.515
766.312	774.161
773.770	773.433
755.381	762.282
755.208	758.173
767.032	770.833
766.069	768.896
612.686	759.032
755.532	756.145
605.502	499.924
868.744	869.117
857.498	869.365
868.837	869.251
866.652	868.295
868.844	869.445
857.308	866.484
868.862	868.105
867.539	857.350
867.732	868.321
864.597	866.686
865.397	852.375
75.622	95.856
82.862	97.067
93.268	
87.450	81.628
87.924	86.497
875.905	876.070
873.921	874.422
875.540	875.906
858.263	874.166
875.399	875.533
875.045	874.721
875.927	875.448
869.238	874.238
871.140	872.305
869.261	869.694
869.001	868.379
868.776	868.442
867.108	868.537
858.031	869.610
868.078	867.464
609.762	625.384
606.931	568.027
613.794	613.418
620.067	618.828
761.325	762.894
776.008	782.953
754.983	725.937
771.362	744.119
781.178	780.222
784.347	727.875
779.660	777.962
771.662	764.981
719.734	692.814
675.777	704.272
706.225	646.839
734.240	717.985
818.986	794.558
820.358	821.481
813.928	817.468
811.102	817.888
821.136	824.356
814.874	820.464
812.190	777.063
771.985	813.759
869.268	869.193
869.087	869.011
869.560	869.522
868.118	867.873
868.584	868.330
867.028	866.223
869.775	870.309
866.621	867.416
867.194	867.078
866.544	867.066
56.545	58.747
54.597	53.153
87.563	95.600
99.659	96.352
98.183	90.490
90.931	88.511
795.549	795.491
844.058	845.916
830.202	838.239
844.856	850.270
867.217	867.881
856.374	853.924
867.000	868.002
855.696	856.085
820.475	820.554
838.224	839.119
873.514	870.151
823.070	826.411
860.742	860.495
874.315	872.520
873.495	873.095
873.763	872.516
873.875	872.635
865.124	864.727
813.158	840.480
602.168	580.893
665.544	664.489
837.657	842.813
839.421	841.745
661.925	648.979
840.178	841.734
812.271	839.955
638.225	651.100
585.306	641.857
840.554	838.874
653.057	651.774
822.486	842.542
838.236	839.921
811.742	836.037
866.353	865.338
834.247	835.365
829.268	833.729
861.621	864.982
833.262	832.905
839.586	843.253
836.096	845.633
872.988	873.000
871.226	871.583
859.728	868.541
872.674	871.766
869.425	873.098
868.132	872.964
872.255	871.478
862.959	864.324
648.429	689.375
862.531	862.683
621.525	712.093
644.780	687.042
847.634	845.884
681.363	684.590
795.363	811.783
803.958	786.057
740.731	788.144
807.094	808.239
706.723	742.026
537.512	577.830
758.225	760.999
509.805	563.508
575.319	633.885
549.160	624.836
212.417	245.104
543.455	592.760
558.627	581.914
863.733	864.399
573.805	598.120
839.003	851.326
861.123	861.573
697.250	699.115
693.909	727.109
802.794	799.350
693.739	724.996
765.776	766.678
762.010	762.145
218.438	227.237
642.588	674.536
817.161	819.890
682.499	693.955
655.755	691.200
777.072	806.774
722.211	760.603
681.997	690.942
748.352	757.063
778.580	785.636
771.184	806.147
757.762	779.464
765.003	787.685
792.114	794.837
777.829	780.081
731.826	702.756
702.154	715.487
238.413	259.944
827.749	827.485
858.952	862.019
824.842	827.321
783.235	750.396
856.253	860.058
786.801	762.715
811.912	828.341
815.586	821.079
515.422	528.768
611.852	531.629
557.100	562.691
834.835	833.670
830.765	829.191
545.295	551.220
824.293	828.358
630.970	627.073
595.578	607.354
828.464	810.397
607.025	606.274
824.519	825.158
823.902	821.072
658.736	673.963
600.307	591.374
572.806	552.381
835.645	834.298
825.495	829.934
551.720	545.722
828.409	826.203
608.384	622.463
602.205	620.141
830.292	829.016
600.848	604.182
823.127	824.845
824.700	820.194
665.799	623.790
0.726	0.711
2.439	2.585
1.561	1.649
1.022	0.942
1.545	1.703
2.326	2.381
4.086	3.980
5.148	5.484
4.208	4.412
1.682	1.818
2.774	2.915
4.326	4.750
0.681	0.727
2.461	2.603
0.968	0.967
0.766	0.715
1.500	1.665
3.695	3.992
1.590	1.640
3.770	3.848
2.445	2.588
0.976	1.008
2.784	2.778
2.792	2.755
660.333	664.245
647.076	661.694
835.576	836.410
872.814	871.185
542.150	562.107
860.021	862.306
688.197	714.084
809.091	815.094
1.053	1.005
2.607	2.951
1.033	1.077
1.051	1.054
2.853	2.781
0.985	1.064
2.952	3.072
2.884	3.129
626.527	625.918
835.595	834.590
628.916	624.782
802.639	828.986
624.698	527.156
831.658	835.928
629.467	626.248
832.023	830.354
2.233	2.234
2.290	2.364
2.225	2.192
2.275	2.352
2.234	2.294
2.498	2.492
2.159	2.161
2.239	2.262
5.045	5.237
5.231	5.192
5.083	5.469
5.292	5.518
2.115	2.117
2.005	2.024
1.955	1.963
2.065	2.184
3.084	3.229
3.397	3.203
3.048	3.260
3.026	3.170
21.655	22.126
6.085	6.046
6.333	5.918
6.296	6.065
6.262	6.181
14.159	15.898
15.191	14.779
13.570	12.906
14.063	15.019
146.845	149.782
2.777	2.683
2.883	2.813
2.632	2.842
2.646	3.115
3.749	3.706
3.950	3.955
3.514	3.650
3.637	3.923
2.603	2.711
2.858	2.735
2.627	2.742
2.759	2.882
3.561	3.696
3.701	3.798
3.596	3.791
3.557	3.924
3.227	3.572
3.502	3.575
3.124	3.572
3.363	3.403
5.298	4.229
4.476	4.507
4.217	4.526
4.385	4.419
3.272	3.410
3.471	3.550
3.385	3.343
3.410	3.334
4.194	4.589
4.494	4.638
4.324	4.394
4.538	4.637
4.376	4.926
4.413	4.622
4.806	4.963
4.995	5.620
5.254	5.252
6.682	6.350
6.666	6.663
6.132	6.188
5.033	4.873
5.043	5.162
5.573	5.686
5.923	5.817
5.503	5.826
6.433	6.476
7.052	7.202
9.680	7.013
36.929	36.800
10.984	11.843
11.104	11.274
10.706	11.940
11.904	11.687
24.199	27.330
17.547	17.895
28.971	30.075
15.491	18.263
15.122	15.973
17.229	17.459
15.971	14.615
14.405	17.505
32.684	39.763
25.195	27.765
33.518	34.951
26.215	25.864
462.431	467.836
2.368	2.321
2.351	2.332
2.410	2.521
2.698	2.497
1.829	1.788
1.865	1.911
1.890	1.898
1.810	1.918
2.298	2.381
2.386	2.459
2.483	2.457
2.314	2.517
1.757	1.648
1.630	1.968
1.815	1.939
1.836	2.050
1.637	1.723
1.826	1.707
1.712	1.693
1.786	1.753
2.672	2.875
2.911	2.877
2.806	2.764
3.109	3.079
1.654	1.711
1.794	1.858
1.719	1.672
1.718	1.733
2.898	2.836
3.024	2.798
2.812	2.921
2.820	2.837
7.847	7.796
11.854	13.098
8.025	8.084
11.734	13.067
27.637	26.440
70.069	71.469
27.085	28.783
58.670	67.017
8.755	9.364
15.839	15.438
8.456	9.416
14.852	13.879
6.324	6.139
6.572	5.806
6.432	6.219
5.907	6.714
3.637	3.716
5.441	5.052
3.679	3.767
5.218	5.512
5.858	5.660
6.207	6.204
6.099	6.332
6.167	6.444
3.413	3.436
5.703	5.773
3.429	3.607
5.595	5.818
4.564	4.323
4.032	4.151
4.140	4.084
4.198	4.123
5.021	5.300
7.083	8.041
5.465	5.061
7.634	8.119
4.472	4.367
4.136	4.140
3.908	4.168
4.337	4.334
5.225	4.990
7.757	7.792
4.696	5.230
7.145	8.371
9.815	9.553
7.643	7.168
9.361	9.945
8.220	8.970
13.850	15.944
7.897	8.199
15.047	15.104
8.253	9.356
14.981	18.085
21.760	23.873
15.696	16.417
32.682	33.815
11.519	11.213
10.468	10.675
10.414	10.515
10.225	10.976
47.831	51.361
141.430	141.110
46.138	48.269
123.427	138.284
17.541	17.747
8.842	10.003
18.653	17.152
10.670	11.713
3.580	3.528
3.984	4.023
4.691	5.340
5.194	5.713
4.960	5.588
6.191	6.236
6.566	7.274
7.145	6.999
3.681	3.945
4.513	4.322
5.644	5.774
5.756	5.877
5.420	5.866
6.424	6.310
6.974	7.333
7.646	7.648
2.426	2.591
2.584	2.354
2.338	2.327
2.565	2.487
0.857	0.943
0.965	0.891
0.921	0.882
0.923	0.948
2.378	2.512
2.658	2.577
2.451	2.457
2.563	2.594
1.118	0.916
0.963	0.941
0.877	0.921
0.876	0.940
1.017	1.024
0.994	0.977
1.012	0.976
0.991	0.996
1.264	1.324
1.230	1.303
1.189	1.316
1.172	1.330
1.028	1.080
0.953	1.019
1.003	1.061
0.962	1.007
1.235	1.277
1.242	1.308
1.234	1.327
1.294	1.283
22.668	23.981
27.011	32.986
22.384	21.962
30.665	28.563
25.497	23.860
38.721	37.301
19.706	25.460
31.048	33.968
24.322	25.076
37.364	34.267
26.442	23.779
32.217	34.750
25.586	29.364
41.921	40.960
24.753	27.898
38.712	37.394
3.000	3.038
3.013	2.976
2.757	2.928
2.924	3.023
1.188	1.220
1.214	1.254
1.187	1.286
1.248	1.233
2.855	2.974
2.880	2.915
3.062	3.307
3.019	3.155
1.222	1.321
1.234	1.271
1.214	1.210
1.281	1.232
1.351	1.415
1.352	1.372
1.466	1.400
1.355	1.401
1.706	1.649
1.748	1.735
1.753	1.731
1.671	1.619
1.338	1.416
1.397	1.395
1.379	1.374
1.364	1.475
1.715	1.826
1.640	1.746
1.682	1.734
1.743	1.640
6.240	6.544
6.540	6.551
11.633	11.470
13.533	12.646
7.554	7.843
8.495	8.501
8.150	8.224
8.461	8.032
6.865	7.589
7.238	7.908
10.015	10.641
10.585	10.941
8.154	7.714
8.778	8.980
8.818	8.817
8.427	9.035
7.437	7.610
7.788	6.992
7.629	7.785
7.476	7.886
9.535	9.014
8.904	9.208
8.253	9.036
8.980	8.702
7.318	8.512
8.277	8.769
8.526	8.240
8.205	8.454
8.912	9.104
9.861	10.079
9.972	10.208
9.969	10.437
56.942	44.852
8.464	8.571
4.070	4.061
43.395	49.098
8.763	9.251
0.650	0.651
62.347	55.950
97.186	99.172
853.899	858.976
	
32.809	32.023
14.539	14.873
24.088	21.135
11.426	12.341
36.748	39.727
877.365	878.189
49.079	47.582
2.710	2.704
3.161	3.323
5.224	5.528
2.246	2.164
73.006	72.052
5.074	4.959
1.381	1.435
577.128	600.986
1.369	1.392
3.490	3.521
3.305	3.613
6.146	6.693
2.653	2.598
2.319	2.352
10.191	10.452
3.048	3.614
3.074	2.703
1.697	1.357
4.365	4.590
2.745	3.262
49.632	52.915
119.581	159.533
31.397	35.463
3.450	3.645
6.626	8.041
262.814	272.963
20.618	21.863
46.111	49.209
0.405	0.403
23.862	23.035
1.068	1.179
2.009	2.146
12.048	12.150
2.680	2.858
102.265	101.465
0.533	0.508
7.229	7.195
0.455	0.448
0.288	0.310
0.524	0.837
47.300	45.377
838.420	818.092
5.604	6.069
257.474	262.571
283.968	274.318
278.630	280.479
55.818	54.006
44.696	45.388
0.965	1.038
0.339	0.370
0.627	0.648
0.868	0.873
0.599	0.560
1.500	1.659
1.629	1.396
1.748	1.794
867.079	868.200
1.873	2.001
2.070	2.021
0.706	0.705
0.619	0.692
0.558	0.625
0.580	0.589
0.653	0.668
0.563	0.648
0.687	0.646
0.640	0.706
0.629	0.580
0.539	0.604
1.800	1.849
0.620	0.674
0.589	0.653
0.711	0.636
0.742	0.807
1.418	1.473
1.405	1.516
5.532	5.857
3.237	3.413
0.771	0.796
0.636	0.612
1.763	1.825
1.889	1.927
11.066	11.092
5.703	6.071
0.652	0.680
0.654	0.730
0.743	0.694
0.767	0.815
0.771	0.808
0.497	0.506
0.989	1.100
1.122	1.102
0.891	0.902
0.844	0.825
0.870	0.947
0.855	0.846
0.832	0.833
0.866	0.850
0.755	0.788
0.813	0.843
0.753	0.832
0.825	0.843
0.782	0.773
0.835	0.851
0.817	0.825
0.755	0.838
0.830	0.927
0.822	0.833
0.888	0.842
0.794	0.844
0.860	0.920
0.907	0.997
0.675	0.746
1.192	1.262
0.763	0.811
0.910	0.897
0.733	0.815
5.846	6.373
0.983	1.054
0.393	0.407
0.647	0.670
2.194	2.187
0.683	0.661
0.671	0.699
13.474	13.803
0.285	0.303
0.850	0.824
7.162	7.774
0.794	0.826
0.773	0.832
13.482	14.957
0.450	0.440
0.659	0.666
0.721	0.791
0.689	0.995
0.826	0.773
0.776	0.751
16.370	14.996
0.768	0.779
0.777	0.838
0.697	0.775
0.599	0.571
0.763	0.826
0.704	0.783
0.716	0.823
0.580	0.593
0.687	0.737
0.620	0.655
0.729	0.668
1.843	1.656
0.593	0.620
0.697	0.737
0.615	0.593
0.693	0.766
0.557	0.618
0.277	0.292
0.876	0.936
0.636	0.595
0.610	0.610
2.202	2.301
0.614	0.612
0.725	0.790
3.042	2.941
2.025	1.917
0.697	0.711
0.722	0.712
0.725	0.818
0.732	0.759
0.796	0.759
0.775	0.833
0.756	0.803
0.757	0.808
0.753	0.776
0.618	0.647
2.149	2.213
0.799	0.800
0.744	0.770
0.581	0.559
0.797	0.856
0.747	0.785
0.773	0.814
0.786	0.799
0.671	0.671
0.684	0.817
2.446	2.350
1.450	1.514
1.891	1.778
462.792	429.150
0.880	0.914
0.955	0.958
0.952	1.009
0.986	0.985
2.793	2.434
0.913	0.981
0.568	0.629
0.822	0.804
0.576	0.627
0.618	0.660
29.521	32.769
0.242	0.255
0.224	0.214
0.271	0.292
0.371	0.388
1.069	1.075
0.300	0.296
0.295	0.286
0.322	0.330
0.578	0.572
0.303	0.307
0.312	0.305
0.355	0.363
0.319	0.329
0.303	0.331
0.481	0.504
0.434	0.440
331.082	324.644
0.955	0.963
0.960	0.983
144.119	143.575
4.816	4.247
1.062	1.046
1.157	1.136
1.142	1.127
0.623	0.609
1.154	1.203
0.922	0.984
2.514	2.635
1.563	1.394
1.612	1.445
0.951	0.976
0.991	1.031
1.858	1.341
1.050	1.361
0.945	0.973
4.545	4.828
3.507	3.045
1.383	1.184
0.859	0.933
53.438	55.862
16.880	17.736
0.551	0.583
0.497	0.481
0.495	0.522
0.555	0.576
1.442	1.427
0.536	0.540
0.131	0.129
0.118	0.120
0.503	0.485
0.136	0.157
0.151	0.153
0.525	0.526
0.322	0.338
0.315	0.312
0.332	0.322
0.283	0.290
1.118	1.170
1.308	1.600
0.194	0.198
0.182	0.180
0.218	0.194
0.204	0.200
0.190	0.204
0.182	0.183
0.183	0.184
0.198	0.200
0.175	0.197
0.192	0.221
0.178	0.187
0.247	0.194
0.171	0.178
0.203	0.198
0.180	0.187
0.192	0.207
0.190	0.182
0.202	0.181
0.184	0.194
0.182	0.194
0.192	0.212
0.204	0.177
0.193	0.216
0.179	0.203
0.209	0.189
0.194	0.192
0.209	0.201
0.190	0.182
0.207	0.197
0.207	0.206
0.189	0.199
0.200	0.200
0.188	0.188
0.187	0.208
0.194	0.208
0.202	0.190
0.171	0.229
0.193	0.208
0.190	0.185
0.198	0.201
0.211	0.212
0.211	0.196
0.192	0.199
0.199	0.205
0.188	0.216
0.207	0.208
0.200	0.183
0.204	0.225
0.169	0.200
0.202	0.175
0.198	0.191
0.178	0.208
0.205	0.209
0.199	0.195
0.212	0.208
0.188	0.192
0.196	0.216
0.188	0.194
0.187	0.213
0.190	0.200
0.206	0.204
0.205	0.200
0.195	0.203
0.176	0.197
0.193	0.198
0.186	0.204
0.193	0.190
0.207	0.197
0.186	0.197
0.194	0.216
0.199	0.194
0.199	0.188
0.189	0.203
0.191	0.200
0.216	0.204
0.199	0.189
0.172	0.188
0.203	0.188
0.176	0.199
0.206	0.203
0.213	0.206
0.197	0.207
0.186	0.193
0.193	0.199
0.190	0.199
0.200	0.214
0.179	0.217
0.188	0.182
0.202	0.212
0.197	0.217
0.210	0.200
0.190	0.205
0.189	0.195
0.205	0.205
0.181	0.192
13.873	14.102
0.522	0.516
13.889	14.840
0.716	0.727
0.967	0.971
1.535	1.548
0.740	0.724
0.908	0.897
0.909	0.938
0.709	1.245
0.564	0.580
1.102	1.124
0.883	0.976
0.738	0.876
3.644	4.046
0.693	0.738
0.775	0.831
0.374	0.383
0.842	0.760
1.584	1.579
3.501	3.376
0.628	0.653
2.009	1.960
0.628	0.620
0.717	0.722
9.120	9.395
0.600	0.582
1.166	1.078
14.950	14.723
0.857	0.917
0.602	0.574
0.629	0.632
18.824	19.179
2.727	2.725
2.534	2.613
46.187	50.077
1.004	1.235
1.658	1.694
0.779	0.761
0.923	0.936
3.699	3.583
0.889	0.876
0.775	0.776
0.612	0.623
3.851	3.901
1.413	1.477
2.476	2.556
5.319	6.975
2.338	2.382
2.884	2.941
3.733	3.513
889.614	889.816
1.232	1.094
1.054	1.024
1.769	1.884
0.674	0.755
0.939	0.723
0.733	0.820
0.728	0.710
0.894	1.034
0.676	0.764
0.703	0.699
2.813	2.847
1.063	1.325
3.839	4.297
1.386	1.294
1.792	1.746
0.679	0.683
2.909	3.092
1.510	1.780
1.767	1.537
2.008	1.949
0.781	0.733
0.667	0.727
0.702	0.757
2.016	2.034
6.861	7.631
1.670	1.500
2.110	2.460
1.375	1.198
3.924	3.934
1.051	1.024
0.684	0.731
0.676	0.710
1.318	1.058
0.985	1.001
0.662	0.707
0.992	0.971
1.282	1.298
7.246	7.500
0.940	0.990
0.938	1.004
0.930	0.983
1.044	1.272
0.737	0.763
1.007	1.011
35.726	37.965
0.849	0.768
1.662	1.626
0.825	0.769
1.834	2.009
2.271	2.418
0.334	0.349
0.312	0.303
0.594	0.618
1.213	1.177
0.294	0.308
0.707	0.748
1.537	1.504
0.244	0.266
0.298	0.316
0.776	0.821
1.290	1.340
0.822	0.922
0.923	1.066
1.173	0.983
0.307	0.295
0.763	0.817
4.366	4.302
1.453	1.592
3.084	3.172
0.821	0.837
0.618	0.624
0.641	0.621
0.677	0.655
0.621	0.591
0.579	0.596
0.634	0.660
0.602	0.649
0.586	0.597
0.579	0.591
0.886	0.907
0.734	0.744
0.726	0.751
0.623	0.619
0.595	0.631
0.630	0.701
1.318	1.422
1.000	0.965
0.702	0.690
1.223	1.316
0.678	0.672
1.184	1.154
0.713	0.547
0.077	0.083
1.018	1.170
2.344	2.575
0.773	0.699
0.668	0.704
1.687	1.467
1.447	1.550
1.584	1.594
1.405	1.477
0.642	0.709
0.686	0.632
0.626	0.610
0.720	0.724
0.635	0.668
0.723	0.669
0.886	0.980
0.643	0.766
4.020	4.078
3.890	4.011
4.006	3.863
43.724	45.593
0.167	0.159
0.592	0.635
0.678	0.674
0.184	0.183
1.902	1.964
1.606	1.434
16.843	16.369
0.603	0.617
0.588	0.581
0.586	0.682
0.629	0.706
1.124	1.154
0.596	0.704
0.586	0.648
0.953	0.978
0.682	0.674
24.673	25.253
0.641	0.624
7.064	7.513
1.330	1.390
1.116	1.193
341.256	343.571
3.512	3.551
1.290	1.356
0.777	0.722
0.799	0.837
0.761	0.706
11.022	10.888
0.622	0.623
0.838	0.833
0.857	0.918
0.706	0.695
0.729	0.800
0.650	0.684
1.298	1.284
0.787	0.759
0.769	0.735
0.741	0.771
1.747	1.818
0.868	0.967
2.543	1.863
1.064	1.103
1.274	1.232
0.965	0.996
0.703	0.736
0.728	0.767
0.775	0.730
1.018	1.089
5.590	5.848
0.728	0.812
0.754	0.803
0.708	0.754
0.615	0.681
0.674	0.698
0.651	0.684
0.662	0.673
0.640	0.665
0.611	0.706
0.624	0.638
0.643	0.638
1.102	1.024
0.299	0.304
0.809	0.826
0.509	0.501
0.567	0.626
0.783	0.822
0.765	0.791
0.591	0.602
0.669	0.637
4.574	4.729
1.547	1.605
35.447	35.603
0.705	0.722
0.637	0.711
0.883	0.934
0.510	0.539
0.207	0.235
3.964	4.281
9.604	10.224
1.326	1.440
1.156	1.182
1.178	1.172
0.256	0.273
7.351	8.355
0.320	0.337
1.466	1.476
5.054	5.273
0.615	0.640
2.503	2.489
1.271	1.151
	
	
1.649	1.598
	
	
	
	
	
0.445	0.444
1.053	0.968
	
	
	
0.657	0.677
	
	
	
	
	
	
	
25.048	27.439
	
5.337	5.479
2.916	2.687
5.158	5.531
4.750	5.379
7.306	7.701
	
14.497	14.489
	
	
	
	
	
	
	
	
	
	
	
	
	
	
	
	
	
	
	
	
	
	
2.073	2.360
2.249	2.407
1.998	2.111
13.619	13.842
40.873	43.023
2.505	2.706
189.519	202.916
1.526	1.721
1.244	1.161
7.793	6.224
	
	
37.225	35.358
	
2.671	3.014
3.786	3.979
3.232	3.300
2.836	3.164
	
12.815	12.625
2.724	2.598
3.827	4.076
2.675	2.661
2.831	2.695
4.315	4.278
2.828	2.982
2.932	2.996
2.735	2.869
2.168	1.836
2.852	2.797
2.698	2.970
2.591	2.846
1.299	1.325
	
	
	
	
	
	
0.606	0.625
0.578	0.603
0.473	0.476
0.484	0.483
	
1.040	1.117
0.631	0.623
	
	
2.721	2.981
15.778	14.366
2.288	2.263
1.823	1.645
	
2.891	2.729
0.634	0.668
0.542	0.533
2.876	3.014
2.755	2.756
2.994	2.757
2.761	2.948
0.696	0.550
	
2.854	2.706
2.725	2.884
1.169	1.262
2.905	2.971
2.662	2.716
2.810	2.791
2.732	3.047
2.705	2.748
	
	
	
	
	
3.479	3.621
3.556	3.694
3.562	3.449
	
2.698	3.178
0.521	0.529
	
0.780	0.764
1.594	1.693
0.869	0.894
	
0.932	1.032
3.368	3.620
	
	
	
	
	
	
	
	
	
	
	
	
	
8.989	8.720
3.487	3.560
	
83.377	95.866
3.503	3.434
	
3.557	4.317
	
	
	
	
	
35.488	29.399
	
	
	
	
	
	
	
10.999	11.414
14.998	16.459
	
5.032	6.243
	
884.439	883.612
	
	
	
	
	
	
	
	
	
	
	
	
	
	
	
	
884.749	884.534
3.693	3.671
	
	
	
	
	
	
	
	
	
	
	
	
	
	
	
	
	
	
	
	
	
	
	
	
	
	
	
	
	
	
	
	
	
	
	
	
	
	
	
	
	
	
	
	
	
	
	
	
	
	
	
	
	
	
	
	
	
	
	
	
	
	
	
	
	
	
	
	
	
	
	
	
	
	
	
	
	
	
	
	
	
	
	
	
	
	
	
	
	
	
	
	
	
	
	
8.146	8.755
	
8.383	8.234
3.007	3.228
	
	
	
	
	
1.497	1.550
2.115	2.325
	
	
2.332	2.154
	
3.892	3.915
2.185	2.226
2.703	2.827
	
1.474	1.450
4.456	4.618
	
1.036	1.061
0.588	0.664
	
0.775	0.744
	
	
	
	
	
	
1.868	1.955
	
	
12.141	12.073
0.664	0.649
5.457	5.655
53.811	57.515
3.887	4.447
11.058	11.548
3.675	3.528
	
	
	
	
6.339	6.416
2.832	2.586
2.964	3.052
8.095	9.313
0.378	0.365
6.215	6.302
2.310	2.298
3.145	3.091
2.867	2.913
0.401	0.399
	
	
3.819	3.851
	
1.776	1.854
0.453	0.463
3.478	3.532
	
	
	
	
	
	
	
	
	
	
	
	
	
	
	
	
	
	
	
	
	
3.221	3.259
	
	
16.917	17.081
1.594	1.772
	
	
	
	
3.297	3.366
9.827	10.365
51.517	48.994
	
	
	
	
4.655	4.929
4.833	4.773
3.503	3.637
	
4.054	4.267
	
	
	
	
	
5.488	6.125
1.090	1.092
	
0.981	1.031
0.830	0.841
	
0.583	0.575
0.729	0.723
	
	
13.755	15.672
6.278	5.709
10.553	10.619
0.974	0.904
0.794	0.817
156.830	172.322
	
	
	
	
2.730	2.663
	
	
3.852	3.890
	
	
	
	
	
	
	
	
2.461	2.925
	
2.430	2.919
	
	
7.327	7.249
	
	
9.258	9.972
	
	
3.860	4.184
	
3.039	2.799
888.937	888.787
3.716	4.273
3.707	3.723
4.078	3.884
3.685	4.004
1.593	1.639
5.256	5.097
16.206	17.014
	
	
	
	
	
	
0.978	0.887
	
	
	
	
	
4.727	4.800
	
	
	
	
	
	
3.505	3.537
	
3.455	3.697
	
148.148	148.443
	
	
0.741	0.751
	
	
2.446	2.344
5.033	5.131
2.073	2.210
	
	
0.662	0.675
0.794	0.853
1.063	1.058
0.780	0.789
4.069	4.088
2.024	1.852
5.738	5.641
	
	
	
	
29.037	27.046
7.404	8.320
3.625	3.821
2.847	2.732
21.613	23.055
	
	
	
6.741	6.724
2.150	2.273
	
	
	
	
	
	
	
	
	
	
	
	
	
1.031	1.037
	
0.944	1.015
1.211	1.227
1.329	1.628
	
4.352	4.484
	
12.708	12.196
1.110	1.067
6.269	6.271
	
	
	
	
	
1.066	1.206
	
	
	
	
	
	
	
	
	
	
	
	
	
	
	
	
	
	
	
	
	
	
	
	
	
	
	
	
	
	
	
217.555	226.917
284.031	285.593
101.388	108.010
849.651	851.213
7.841	7.842
357.951	359.323
843.399	844.425
3.262	3.565
599.229	658.774
4.535	4.323
20.964	20.878
4.902	4.946
5.504	5.025
0.175	0.165
1.026	1.066
5.188	5.057
874.283	875.825
265.932	271.158
58.416	62.276
0.150	0.141
0.173	0.193
0.119	0.133
0.141	0.139
0.159	0.163
6.783	6.740
0.278	0.278
25.158	26.703
2.306	2.516
52.512	50.716
17.136	17.631
4.107	4.687
4.770	4.673
3.201	3.119
12.117	12.209
12.301	12.413
	
	
1.849	1.953
708.957	622.780
703.510	705.355
3.166	3.331
7.272	7.542
0.615	0.611
0.646	0.652
0.673	0.672
0.609	0.617
0.782	0.793
6.968	6.879
46.460	52.340
3.999	3.927
6.139	5.996
0.806	0.774
1.421	1.511
1.397	1.463
0.153	0.169
0.194	0.159
1.268	1.277
1.232	1.279
	
	
2.988	2.974
3.130	3.094
45.620	50.735
	
	
0.348	0.330
0.329	0.346
0.297	0.309
0.269	0.298
64.027	64.622
613.068	619.469
238.337	234.428
17.375	18.758
16.287	16.963
444.583	461.783
850.311	852.881
8.641	8.471
255.262	263.737
13.437	13.622
106.795	65.223
3.323	3.292
131.821	127.357
41.382	42.176
7.359	6.990
6.350	7.183
9.234	9.433
62.496	58.063
599.131	522.827
5.468	5.531
24.830	24.580
841.215	839.517
883.161	883.707
349.760	341.664
2.287	
0.974	0.960
843.322	841.991
8.280	7.924
837.849	835.639
2.709	2.819
847.686	845.787
	
213.912	234.126
	
5.963	6.008
13.692	12.946
1.014	1.016
0.754	0.862
0.762	0.744
0.823	0.779
4.868	4.964
872.059	873.841
269.483	244.559
101.422	104.239
1.680	1.651
35.066	37.537
882.211	882.499
879.002	877.405
24.101	22.425
1.934	1.968
1.036	1.007
784.581	787.091
209.515	215.828
23.797	27.125
21.863	20.732
832.082	848.679
259.534	266.297
141.042	143.553
128.462	145.694
883.804	881.708
20.117	22.383
10.745	10.199
5.250	5.209
6.799	6.624
358.439	355.357
871.546	874.209
1.270	1.267
0.652	0.680
0.636	0.664
1.798	1.843
24.333	23.263
28.680	40.470
853.229	850.581
6.939	7.056
871.776	868.407
859.747	858.351
1.695	1.794
0.804	1.030
0.844	0.929
879.442	879.534
884.466	884.250
2.898	2.662
875.844	876.670
2.031	2.110
13.492	15.519
352.385	324.122
607.074	593.044
55.946	53.619
844.760	824.568
1.971	1.691
859.372	859.515
866.513	863.847
202.426	202.023
832.160	830.533
51.463	54.482
108.875	51.919
174.393	178.397
8.347	9.260
119.893	122.568
6.904	7.007
1.181	1.270
	
15.189	15.417
2.628	2.683
12.216	11.045
	
123.341	125.281
885.224	884.158
885.181	884.638
884.367	884.795
3.521	3.557
883.868	882.972
615.296	645.472
	
2.206	2.283
3.244	3.220
130.409	124.815
866.027	877.321
6.277	6.761
70.099	65.950
2.475	2.598
5.923	6.830
55.385	51.403
868.022	867.095
61.435	61.240
8.187	8.850
8.606	11.271
100.579	104.351
3.382	3.984
40.003	42.047
23.939	22.209
12.383	12.286
14.620	14.389
791.660	828.849
	
5.751	6.786
2.960	3.116
20.962	21.299
18.323	19.998
4.169	4.325
2.543	2.410
4.276	4.374
2.123	2.322
2.053	2.127
10.394	11.832
7.543	8.224
29.693	31.423
4.667	4.553
486.071	462.551
870.511	869.694
22.198	25.249
7.737	7.252
3.081	3.343
24.154	23.509
0.356	0.359
2.473	2.661
11.802	12.312
845.851	844.584
833.591	817.200
8.601	9.599
35.274	30.061
770.514	773.330
27.095	27.329
47.921	43.426
	
852.202	853.673
875.901	876.463
170.882	182.806
867.778	867.814
44.063	43.634
239.511	245.245
89.954	92.239
793.898	803.207
	
872.592	870.938
434.957	427.875
878.451	876.973
470.964	474.741
875.354	876.949
875.805	875.626
849.263	857.986
872.287	867.822
38.304	41.073
803.735	800.547
67.982	67.945
132.618	122.805
124.270	133.074
29.920	
23.267	23.043
234.190	248.252
27.609	28.015
59.553	62.406
59.802	59.695
268.124	256.955
9.234	9.507
874.556	876.144
753.334	768.529
4.299	4.252
5.806	7.363
881.666	878.176
110.363	116.312
31.181	37.054
	
28.913	26.011
3.286	3.158
1.696	1.717
2.393	2.558
3.560	3.945
4.269	4.917
3.715	3.251
2.144	1.878
	
2.858	2.830
5.579	5.767
848.090	848.041
	
	
	
806.671	808.404
1.154	1.375
4.565	5.075
8.512	8.457
4.765	4.536
	
374.687	379.841
7.214	7.281
8.446	10.213
2.536	2.547
19.837	22.165
632.413	632.850
	
7.519	7.667
16.294	17.070
11.458	11.269
867.824	867.411
11.351	10.625
10.185	9.555
3.028	3.124
93.600	92.838
59.305	67.133
136.922	132.117
91.686	103.680
864.104	869.239
7.735	7.643
1.546	1.360
8.662	8.859
3.689	3.577
424.649	589.476
	
	
	
	
209.906	222.237
8.919	9.312
	
868.141	867.893
420.610	410.675
851.287	853.296
43.767	46.472
16.887	15.589
865.635	864.084
875.136	876.713
885.525	886.466
11.737	11.199
883.266	878.121
9.402	8.631
	
877.694	877.597
1.260	1.510
1.455	1.338
2.051	2.255
	
728.409	742.003
1.778	2.102
20.478	20.790
2.654	2.911
20.449	16.279
14.331	14.535
1.236	1.271
31.597	29.481
82.775	91.599
823.643	821.037
871.934	869.583
6.201	6.539
877.689	878.899
868.822	870.682
20.831	21.172
63.363	66.274
14.162	15.209
	
1.957	2.079
9.249	9.138
1.352	1.129
244.821	247.363
823.863	826.469
0.629	0.675
13.118	14.117
879.290	877.848
859.998	859.392
	
81.575	78.940
829.599	830.373
0.566	0.576
	
0.882	1.031
11.085	11.211
0.773	0.750
549.847	561.767
11.614	12.637
1.079	1.088
308.260	320.501
6.610	7.530
799.158	804.402
864.161	859.656
8.942	10.709
167.708	176.855
854.707	853.176
863.977	858.838
50.169	49.153
876.753	876.124
3.778	3.796
4.711	3.764
876.312	877.391
38.922	39.725
572.323	624.883
825.185	816.995
	
25.952	29.191
2.974	3.168
880.019	881.539
2.408	2.593
378.704	378.019
	
74.284	82.296
876.577	869.282
367.831	469.002
14.707	13.189
744.623	681.520
	
13.575	13.205
550.011	581.238
5.666	5.517
18.144	21.478
38.867	40.372
257.915	277.532
70.909	74.373
144.142	143.373
20.815	23.024
84.469	91.832
869.326	869.896
829.621	826.241
171.080	157.290
5.686	5.767
176.965	186.301
856.257	855.513
873.266	871.544
2.360	2.317
2.169	2.456
882.507	881.484
883.511	882.809
11.316	11.764
883.415	882.561
522.372	549.203
2.363	2.147
875.397	875.217
715.073	588.680
337.032	337.237
1.155	1.237
48.194	51.765
5.057	5.572
1.758	1.827
868.738	870.023
102.281	105.421
1.224	1.189
30.330	30.986
779.730	772.434
846.506	849.063
31.691	34.518
13.173	12.228
24.975	25.026
0.397	0.407
16.968	18.087
14.307	17.796
55.871	56.349
4.155	4.207
0.064	0.066
0.093	0.097
0.086	0.087
0.088	0.095
0.065	0.065
0.093	0.095
0.089	0.091
0.108	0.108
0.074	0.057
0.061	0.062
0.063	0.056
0.328	0.335
0.059	0.057
0.135	0.142
0.058	0.056
0.056	0.060
0.338	0.354
0.063	0.061
0.088	0.070
0.061	0.060
0.134	0.141
0.014	0.021
0.315	0.336
0.010	0.011
0.065	0.062
0.027	0.031
0.014	0.010
0.018	0.016
0.420	0.439
9.613	8.515
9.194	9.507
0.056	0.057
0.047	0.041
0.012	0.012
0.010	0.011
0.023	0.023
0.010	0.011
5.401	6.185
	
0.026	0.026
0.011	0.013
0.011	0.011
0.020	0.020
0.033	0.033
0.015	0.011
0.025	0.022
0.022	0.023
0.070	0.080
0.067	0.070
0.588	0.617
0.043	0.044
7.595	8.014
0.033	0.034
0.021	0.026
0.044	0.043
0.041	0.040
0.054	0.053
0.057	0.058
0.050	0.050
0.018	0.019
0.018	0.018
0.032	0.033
0.020	0.020
0.012	0.012
0.019	0.018
0.027	0.027
0.027	0.028
2.595	2.740
2.792	2.807
2.591	2.660
	
	
	
	
	
	
	
	
	
	
57.961	59.307
54.583	50.131
2.617	2.668
2.224	2.260
491.053	486.728
5.185	5.292
22.454	24.884
96.760	113.071
729.533	785.469
860.984	861.647
759.614	814.247
468.962	486.105
27.762	26.210
32.007	30.602
39.168	39.310
55.653	47.002
70.245	72.615
69.581	69.323
70.876	73.317
67.963	78.634
771.091	695.766
746.356	762.791
5.471	5.543
13.918	14.996
47.018	43.513
136.013	134.994
565.947	537.650
816.776	822.898
593.017	604.627
485.790	503.235
641.465	645.809
678.922	677.916
578.210	582.150
579.950	586.615
582.563	580.387
39.783	40.766
41.330	45.142
1.621	1.632
95.415	85.679
199.338	204.349
844.462	813.166
878.156	876.863
876.340	876.222
873.938	873.853
3.046	3.141
8.686	8.429
3.165	3.236
635.741	654.582
6.588	6.553
47.255	49.372
69.635	68.324
875.541	874.836
857.786	858.519
811.774	813.724
488.420	488.464
18.236	14.119
17.048	18.399
19.765	23.942
31.136	31.655
43.146	42.438
53.541	45.756
657.586	768.692
845.965	848.029
846.393	848.137
843.299	846.957
841.603	844.478
806.335	847.039
847.084	848.218
845.297	844.669
822.971	847.195
861.434	866.286
863.568	864.576
858.081	858.241
858.501	857.385
879.143	878.968
878.209	880.440
877.213	874.536
877.291	877.320
878.682	878.903
875.254	877.773
875.822	877.841
874.250	875.615
884.900	885.266
884.934	884.792
885.163	885.015
884.485	885.256
884.579	884.722
884.935	881.958
885.043	884.943
884.983	884.962
883.889	882.940
882.773	883.424
882.569	882.433
882.765	882.188
881.991	883.051
882.542	882.188
881.469	881.925
879.045	882.698
522.322	550.946
418.865	474.105
652.466	634.140
566.039	516.104
838.687	846.056
827.894	831.374
789.736	795.488
767.653	771.821
856.208	858.143
855.242	854.922
850.413	852.543
839.686	847.640
882.497	882.464
883.045	883.258
881.090	883.399
883.736	883.793
861.261	860.559
848.052	847.711
858.552	862.706
851.970	853.684
868.983	872.320
868.045	870.069
881.206	880.303
880.057	879.729
881.292	882.565
882.002	882.869
883.618	883.920
882.910	880.194
878.990	881.658
880.643	879.625
879.153	880.836
879.616	879.931
876.240	881.698
877.085	875.784
877.078	881.663
872.680	875.261
885.066	882.732
884.973	884.885
883.809	884.262
885.028	884.745
881.984	883.725
884.179	884.586
884.315	884.368
884.580	884.210
882.025	882.753
882.067	882.901
882.588	881.730
881.798	882.928
882.868	881.604
882.263	882.277
882.250	882.119
882.762	882.657
884.028	879.468
869.308	868.954
881.266	883.957
869.483	870.795
882.318	882.283
865.762	869.483
882.905	882.742
867.511	866.535
862.998	866.639
850.345	850.215
885.294	883.152
873.331	874.332
884.487	884.639
869.665	872.210
886.396	887.752
887.713	887.547
888.395	887.247
881.344	888.232
886.862	886.856
886.930	887.039
879.630	880.078
881.439	881.249
883.879	883.355
877.157	877.258
887.803	886.328
887.221	888.448
807.887	848.889
845.638	849.030
859.745	862.786
860.366	861.986
879.820	879.213
878.107	881.000
884.429	883.706
884.888	884.896
882.610	882.727
882.598	881.446
550.105	565.122
474.378	467.965
841.339	844.990
825.525	838.185
854.790	858.675
853.834	854.388
883.384	883.122
883.095	882.435
853.280	855.481
838.147	838.291
854.373	858.305
840.043	844.879
871.233	873.493
867.332	871.449
880.438	879.402
879.001	880.455
882.400	882.361
881.725	881.611
884.357	883.226
883.813	883.872
879.132	882.298
879.687	879.017
884.155	884.009
884.533	884.857
883.123	882.536
882.362	880.837
884.406	884.082
870.014	871.010
881.736	881.816
869.284	867.876
864.570	865.311
864.333	851.408
849.287	819.102
818.299	814.952
884.909	885.728
869.926	873.734
885.172	883.980
874.026	874.417
884.996	885.003
872.060	872.753
885.390	887.454
888.132	888.047
886.420	886.582
886.795	885.245
886.017	886.099
886.922	887.032
880.573	880.806
880.481	880.558
880.194	879.148
879.944	878.678
883.152	883.420
871.250	878.002
888.998	888.354
889.136	889.441
888.062	887.383
888.835	887.982
48.922	53.552
30.990	29.229
106.951	117.091
881.876	881.664
202.494	199.838
344.790	376.761
163.069	154.430
46.780	46.750
32.610	32.463
28.076	28.054
33.480	31.212
34.939	32.906
881.893	878.400
184.421	184.557
328.867	336.601
157.181	150.527
166.679	159.363
35.508	32.364
182.479	164.748
4.415	4.624
44.018	44.745
24.894	27.198
33.087	40.455
298.302	300.371
5.953	6.164
130.292	137.812
295.488	297.603
29.866	30.718
857.708	858.276
0.536	0.584
0.593	0.594
0.583	0.595
0.598	0.629
0.666	0.639
0.754	0.754
0.746	0.767
0.747	0.780
0.094	0.094
0.787	0.767
0.092	0.092
0.761	0.795
0.092	0.094
0.812	0.822
0.093	0.093
0.749	0.804
0.093	0.095
0.092	0.092
0.091	0.096
0.548	0.592
0.633	0.638
0.604	0.613
0.621	0.629
0.692	0.639
0.803	0.789
1.760	1.768
0.784	0.791
1.040	1.037
0.785	0.843
0.888	0.893
0.938	0.820
1.064	1.100
0.776	0.762
1.242	1.218
1.243	1.187
1.520	1.459
