tool	CPAchecker 1.4-svn 17201M	CPAchecker 1.4-svn 17201M	CPAchecker 1.4-svn 17201M	CPAchecker 1.4-svn 17201M	CPAchecker 1.4-svn 17201M	CPAchecker 1.4-svn 17201M	CPAchecker 1.4-svn 17201M	CPAchecker 1.4-svn 17201M	CPAchecker 1.4-svn 17201M	CPAchecker 1.4-svn 17230M	CPAchecker 1.4-svn 17230M	CPAchecker 1.4-svn 17230M	CPAchecker 1.4-svn 17230M	CPAchecker 1.4-svn 17230M	CPAchecker 1.4-svn 17230M	CPAchecker 1.4-svn 17230M	CPAchecker 1.4-svn 17230M	CPAchecker 1.4-svn 17230M	CPAchecker 1.4-svn 17223M	CPAchecker 1.4-svn 17223M	CPAchecker 1.4-svn 17223M	CPAchecker 1.4-svn 17223M	CPAchecker 1.4-svn 17223M	CPAchecker 1.4-svn 17223M	CPAchecker 1.4-svn 17223M	CPAchecker 1.4-svn 17223M	CPAchecker 1.4-svn 17223M	CPAchecker 1.4-svn 17230M	CPAchecker 1.4-svn 17230M	CPAchecker 1.4-svn 17230M	CPAchecker 1.4-svn 17230M	CPAchecker 1.4-svn 17230M	CPAchecker 1.4-svn 17230M	CPAchecker 1.4-svn 17230M	CPAchecker 1.4-svn 17230M	CPAchecker 1.4-svn 17230M
run set	symEx-constraintsItpFirst	symEx-constraintsItpFirst	symEx-constraintsItpFirst	symEx-constraintsItpFirst	symEx-constraintsItpFirst	symEx-constraintsItpFirst	symEx-constraintsItpFirst	symEx-constraintsItpFirst	symEx-constraintsItpFirst	symEx-ref-locPrec	symEx-ref-locPrec	symEx-ref-locPrec	symEx-ref-locPrec	symEx-ref-locPrec	symEx-ref-locPrec	symEx-ref-locPrec	symEx-ref-locPrec	symEx-ref-locPrec	symEx-ref-leqImplication	symEx-ref-leqImplication	symEx-ref-leqImplication	symEx-ref-leqImplication	symEx-ref-leqImplication	symEx-ref-leqImplication	symEx-ref-leqImplication	symEx-ref-leqImplication	symEx-ref-leqImplication	symEx-ref-leqImplication-locPrec	symEx-ref-leqImplication-locPrec	symEx-ref-leqImplication-locPrec	symEx-ref-leqImplication-locPrec	symEx-ref-leqImplication-locPrec	symEx-ref-leqImplication-locPrec	symEx-ref-leqImplication-locPrec	symEx-ref-leqImplication-locPrec	symEx-ref-leqImplication-locPrec
../svcomp15/	status	cputime	walltime	host	memUsage	total	reached	refiners	time_refiners	status	cputime	walltime	memUsage	host	total	reached	refiners	time_refiners	status	cputime	walltime	host	memUsage	total	reached	refiners	time_refiners	status	cputime	walltime	host	memUsage	total	reached	refiners	time_refiners
bitvector/s3_clnt_3_true-unreach-call.BV.c.cil.c	true	58.514297786	51.7469329834	zeus03	651788288	51.127	0.118	9	46.653	TIMEOUT	901.785425738	888.666141033	3774464000	zeus09	887.582	0.799	16	699.027	true	70.089685975	62.453742981	zeus20	657162240	61.614	0.132	9	56.343	TIMEOUT	901.828138184	888.456465006	zeus24	3782901760	887.371	0.856	16	700.978
bitvector/s3_srvr_1_true-unreach-call.BV.c.cil.c	true	38.302250528	32.2386260033	zeus11	627920896	31.581	0.115	5	27.790	TIMEOUT	901.218550686	889.154029846	2917376000	zeus17	888.272	0.497	28	841.506	true	37.630937786	31.4706039429	zeus19	626466816	30.803	0.095	5	27.009	TIMEOUT	901.44633828	888.169574976	zeus15	3198038016	887.176	0.672	27	834.712
bitvector/s3_srvr_3_alt_true-unreach-call.BV.c.cil.c	true	38.199037556	32.0514440536	zeus07	625999872	31.371	0.119	5	27.607	TIMEOUT	901.286071963	888.417571068	3716538368	zeus15	887.508	0.522	29	839.506	true	36.520113996	30.4977138042	zeus17	626860032	29.863	0.093	5	26.154	TIMEOUT	901.106098905	888.555630922	zeus13	3718635520	887.697	0.490	30	840.883
bitvector/s3_srvr_3_true-unreach-call.BV.c.cil.c	true	40.826024106	34.4238071442	zeus06	625442816	33.746	0.105	5	29.806	TIMEOUT	901.203779502	888.688772917	3716734976	zeus15	887.782	0.563	30	839.729	true	37.952418391	31.751707077	zeus19	629870592	31.064	0.125	5	27.334	TIMEOUT	901.209711011	888.972121954	zeus21	3187863552	888.096	0.522	29	838.907
floats-cdfpl/newton_2_6_false-unreach-call.i	TIMEOUT	901.19187879	899.214312077	zeus07	599285760	898.538	0.003	2	897.053	TIMEOUT	901.169111674	899.002511978	598257664	zeus09	898.370	0.003	2	896.829	false(reach)	597.385818462	595.476477146	zeus21	470171648	594.857	0.003	2	593.372	TIMEOUT	901.194572754	899.206264973	zeus17	597184512	898.592	0.002	2	897.117
floats-cdfpl/newton_2_8_false-unreach-call.i	TIMEOUT	901.170694545	899.202795029	zeus05	598061056	898.564	0.002	2	897.057	TIMEOUT	901.220434412	899.025635958	594620416	zeus12	898.393	0.002	2	896.893	TIMEOUT	901.185165416	899.253372908	zeus09	554266624	898.616	0.002	2	897.109	false(reach)	890.344997125	888.276919842	zeus21	624967680	887.677	0.004	2	886.185
float-benchs/sin_interpolated_index_true-unreach-call.c	TIMEOUT	900.975025001	897.90968895	zeus10	377098240	897.299	0.008	7	852.264	TIMEOUT	901.172511608	897.262908936	403116032	zeus04	896.623	0.009	6	633.334	TIMEOUT	901.083975002	897.399543047	zeus13	372756480	896.772	0.008	6	872.307	ERROR	518.687364048	515.414903879	zeus12	351887360	514.823	0.008	6	486.095
ssh-simplified/s3_srvr_3_true-unreach-call.cil.c	true	44.469796658	38.1767849922	zeus04	623906816	37.547	0.091	5	33.825	TIMEOUT	901.332932894	888.706958055	3697254400	zeus08	887.844	0.481	29	843.486	true	42.349644752	36.4973731041	zeus17	622387200	35.899	0.115	5	32.367	TIMEOUT	901.185991659	888.959568977	zeus14	2895310848	888.094	0.504	28	844.121
ssh-simplified/s3_srvr_4_true-unreach-call.cil.c	true	37.858317357	32.0222229958	zeus13	624410624	31.424	0.101	5	27.985	TIMEOUT	901.274192045	888.173557043	2896343040	zeus08	887.304	0.467	28	843.100	true	41.682079107	35.5369749069	zeus03	622166016	34.780	0.091	5	30.876	TIMEOUT	901.207698728	888.349848986	zeus17	3701211136	887.460	0.457	29	845.290
eca-rers2012/Problem10_label48_false-unreach-call.c	false(reach)	379.135443487	368.066962004	zeus02	1316139008	366.892	1.031	31	28.674	TIMEOUT	902.314608867	887.716295958	4023504896	zeus04	886.148	1.580	14	61.624	false(reach)	370.731340143	360.110146999	zeus08	2318626816	359.050	0.957	31	28.646	TIMEOUT	902.046957597	889.020865917	zeus24	4019036160	887.562	2.348	14	62.219
eca-rers2012/Problem10_label50_false-unreach-call.c	TIMEOUT	901.211821974	890.119426966	zeus01	766005248	889.265	0.503	18	4.001	false(reach)	36.45390578	28.2631149292	858177536	zeus17	27.213	0.335	16	5.337	TIMEOUT	901.445026405	889.847866058	zeus20	759664640	888.829	0.371	18	4.757	false(reach)	35.302261463	27.2033908367	zeus19	850292736	26.167	0.323	16	5.260
eca-rers2012/Problem14_label27_false-unreach-call.c	TIMEOUT	901.345549474	889.029575109	zeus16	1273434112	888.277	0.579	68	42.716	false(reach)	220.878138957	208.907441854	1563201536	zeus21	207.661	0.989	32	22.500	TIMEOUT	901.462203724	889.438212872	zeus01	1285189632	888.655	0.472	65	35.488	false(reach)	234.639443253	222.40405798	zeus10	1204756480	221.114	0.994	35	24.144
eca-rers2012/Problem14_label37_false-unreach-call.c	TIMEOUT	901.407235197	888.772855043	zeus16	1291583488	888.024	0.464	69	39.678	false(reach)	209.824346781	197.800150871	1539710976	zeus15	196.385	1.048	32	16.750	TIMEOUT	901.472048271	889.098106861	zeus13	1235472384	888.313	0.510	66	33.500	false(reach)	254.699899687	241.824543953	zeus14	1571905536	240.520	1.149	35	19.747
loop-new/gauss_sum_true-unreach-call.i	TIMEOUT	901.119185074	886.701852083	zeus22	1433751552	885.903	0.202	3	0.767	true	124.233773769	118.669867039	1367023616	zeus06	117.947	0.137	3	0.870	TIMEOUT	901.13363239	886.552616835	zeus09	1401884672	885.768	0.214	3	0.774	true	128.372852307	122.779763937	zeus03	2354040832	121.969	0.178	3	0.868
ldv-consumption/32_7a_cilled_true-unreach-call_linux-3.8-rc1-32_7a-drivers--staging--bcm--bcm_wimax.ko-ldv_main2_sequence_infinite_withcheck_stateful.cil.out.c	true	641.98606414	525.06609416	zeus21	7119405056	520.495	20.978	3	37.941	true	773.655071313	602.401045799	7251509248	zeus02	598.892	25.176	3	45.125	true	727.337192098	586.49627018	zeus14	7120715776	583.066	24.982	3	41.017	TIMEOUT	903.792886062	775.495410919	zeus02	7385968640	772.593	47.093	3	41.020
ldv-consumption/32_7a_cilled_true-unreach-call_linux-3.8-rc1-drivers--scsi--aic7xxx_old.ko-main.cil.out.c	true	515.899407628	448.099773169	zeus22	6170415104	444.690	16.852	4	20.749	true	582.699631317	497.202331066	6311579648	zeus20	492.491	17.100	4	21.424	true	563.455127881	471.014103174	zeus01	6454820864	466.287	16.331	4	23.191	TIMEOUT	903.460488426	844.244980097	zeus03	5095436288	841.237	25.215	4	23.723
ldv-linux-3.16-rc1/205_9a_array_safes_linux-3.16-rc1.tar.xz-205_9a-drivers--net--wireless--rtlwifi--btcoexist--btcoexist.ko-entry_point_true-unreach-call.cil.out.c	true	650.577629624	500.173516035	zeus06	8471060480	493.736	20.569	3	15.229	true	621.130774009	484.896345139	8082112512	zeus02	478.190	15.442	3	14.581	true	693.565496417	524.165066004	zeus16	7707422720	517.029	17.586	3	12.558	TIMEOUT	908.453359199	734.5982728	zeus03	6616924160	728.540	25.313	3	13.236
systemc/mem_slave_tlm.2_true-unreach-call_false-termination.cil.c	TIMEOUT	901.299163524	887.323035955	zeus10	2247667712	886.418	0.232	148	878.061	true	880.198978066	866.344188929	2264690688	zeus24	865.719	0.392	148	856.162	TIMEOUT	901.385108796	886.518097162	zeus16	1262366720	885.594	0.269	148	876.587	TIMEOUT	901.456675579	885.811482906	zeus23	1269530624	884.844	0.243	148	875.029
seq-mthreaded/pals_lcr-var-start-time.3_false-unreach-call.1.ufo.UNBOUNDED.pals.c	TIMEOUT	901.142885456	882.234057188	zeus08	4392304640	881.571	2.616	58	476.372	false(reach)	745.863165379	729.43071413	1813987328	zeus08	728.535	1.585	54	523.518	TIMEOUT	901.196087864	882.483211994	zeus17	4309786624	881.559	2.886	58	471.525	false(reach)	778.962681699	761.631447077	zeus12	2161451008	760.713	1.590	54	550.399
seq-mthreaded/pals_lcr-var-start-time.3_false-unreach-call.2.ufo.BOUNDED-6.pals.c	TIMEOUT	901.792306219	883.242070913	zeus22	2315694080	882.211	2.336	56	641.930	false(reach)	887.605998819	871.176116943	1815580672	zeus06	870.328	1.332	52	693.912	TIMEOUT	901.262015076	883.837732077	zeus10	3287519232	883.040	2.092	56	654.613	false(reach)	874.89014342	858.882580996	zeus06	1483673600	858.065	1.230	52	678.785
seq-mthreaded/pals_lcr-var-start-time.3_false-unreach-call.2.ufo.UNBOUNDED.pals.c	TIMEOUT	901.600900061	882.392370939	zeus03	2819526656	881.391	2.912	61	528.041	false(reach)	701.0493332	685.850566864	2129698816	zeus21	684.994	1.466	52	493.889	TIMEOUT	901.719885001	882.539420128	zeus22	3404124160	881.779	2.747	61	539.956	false(reach)	675.135057211	659.35479188	zeus13	1998032896	658.518	1.319	52	477.870
seq-mthreaded/pals_lcr.3_false-unreach-call.1.ufo.BOUNDED-6.pals.c	TIMEOUT	901.331497842	885.100146055	zeus20	674615296	884.241	0.451	54	857.017	false(reach)	306.883840783	295.484431982	702496768	zeus05	294.710	0.196	37	281.172	TIMEOUT	901.123984839	885.802989006	zeus22	670265344	885.049	0.249	54	859.764	false(reach)	296.465589243	284.573686838	zeus13	673751040	283.725	0.224	37	270.291
seq-mthreaded/pals_lcr.3_false-unreach-call.1.ufo.UNBOUNDED.pals.c	TIMEOUT	901.269261445	885.557302952	zeus23	666296320	884.837	0.331	61	848.798	false(reach)	204.864405916	194.822723866	671739904	zeus08	193.995	0.163	37	180.423	TIMEOUT	901.367542254	885.167431116	zeus04	782192640	884.453	0.318	61	848.043	false(reach)	209.719805991	200.057045937	zeus16	666746880	199.278	0.170	37	185.409
seq-mthreaded/pals_lcr.4_false-unreach-call.1.ufo.UNBOUNDED.pals.c	TIMEOUT	901.638818768	885.430499077	zeus19	665391104	884.550	0.355	65	854.205	false(reach)	802.940900494	789.104934931	667348992	zeus09	788.059	0.428	50	695.262	TIMEOUT	901.589577467	886.058335066	zeus21	670322688	885.204	0.375	65	853.851	false(reach)	796.73927708	783.25116086	zeus09	664608768	782.277	0.506	50	682.512
seq-mthreaded/pals_lcr.3_true-unreach-call.ufo.BOUNDED-6.pals.c	TIMEOUT	901.198642842	885.524585009	zeus18	672718848	884.769	0.341	55	855.733	true	298.649035301	288.266862869	693661696	zeus12	287.640	0.167	36	275.217	TIMEOUT	901.133350751	885.282968044	zeus23	793260032	884.537	0.396	53	855.789	true	316.233047414	305.102035046	zeus11	675999744	304.380	0.182	36	290.120
seq-pthread/cs_stack_false-unreach-call.i	false(reach)	406.349128468	394.16601491	zeus04	2344321024	393.209	0.479	10	376.099	false(reach)	393.358787837	380.71321702	1204469760	zeus09	379.726	0.417	10	362.698	TIMEOUT	901.697318541	888.178195	zeus23	3590488064	887.211	0.543	10	865.353	TIMEOUT	901.684602768	888.502131939	zeus08	3614736384	887.536	0.561	10	865.729
