tool	CPAchecker 1.4-svn 17201M	CPAchecker 1.4-svn 17201M	CPAchecker 1.4-svn 17201M	CPAchecker 1.4-svn 17201M	CPAchecker 1.4-svn 17201M	CPAchecker 1.4-svn 17201M	CPAchecker 1.4-svn 17201M	CPAchecker 1.4-svn 17201M	CPAchecker 1.4-svn 17201M	CPAchecker 1.4-svn 17230M	CPAchecker 1.4-svn 17230M	CPAchecker 1.4-svn 17230M	CPAchecker 1.4-svn 17230M	CPAchecker 1.4-svn 17230M	CPAchecker 1.4-svn 17230M	CPAchecker 1.4-svn 17230M	CPAchecker 1.4-svn 17230M	CPAchecker 1.4-svn 17230M
run set	symEx-constraintsItpFirst	symEx-constraintsItpFirst	symEx-constraintsItpFirst	symEx-constraintsItpFirst	symEx-constraintsItpFirst	symEx-constraintsItpFirst	symEx-constraintsItpFirst	symEx-constraintsItpFirst	symEx-constraintsItpFirst	symEx-delegation	symEx-delegation	symEx-delegation	symEx-delegation	symEx-delegation	symEx-delegation	symEx-delegation	symEx-delegation	symEx-delegation
../svcomp15/	status	cputime	walltime	host	memUsage	total	reached	refiners	time_refiners	status	cputime	walltime	memUsage	host	total	reached	refiners	time_refiners
bitvector/s3_srvr_1_true-unreach-call.BV.c.cil.c	true	38.302250528	32.2386260033	zeus11	627920896	31.581	0.115	5	27.790	TIMEOUT	901.294870771	888.928446054	732786688	zeus19	888.230	0.222	24	881.130
bitvector/s3_srvr_3_alt_true-unreach-call.BV.c.cil.c	true	38.199037556	32.0514440536	zeus07	625999872	31.371	0.119	5	27.607	TIMEOUT	901.320690168	889.278269053	1272946688	zeus03	888.565	0.201	25	880.863
bitvector/s3_srvr_3_true-unreach-call.BV.c.cil.c	true	40.826024106	34.4238071442	zeus06	625442816	33.746	0.105	5	29.806	TIMEOUT	901.294817756	889.162556171	1158094848	zeus01	888.443	0.211	25	880.819
bitvector/soft_float_4_true-unreach-call.c.cil.c	true	473.112888838	462.977717876	zeus02	687304704	462.246	0.214	26	413.578	TIMEOUT	901.970058293	895.188205004	1183748096	zeus16	894.547	0.182	3	0.295
floats-cdfpl/newton_2_6_false-unreach-call.i	TIMEOUT	901.19187879	899.214312077	zeus07	599285760	898.538	0.003	2	897.053	false(reach)	572.505659092	570.678812027	611966976	zeus15	570.058	0.002	2	568.544
ssh-simplified/s3_srvr_10_false-unreach-call.cil.c	TIMEOUT	901.297069874	887.465881109	zeus19	3740819456	886.461	1.111	31	662.343	false(reach)	118.239283438	108.861693144	3690188800	zeus17	108.215	0.633	24	2.672
ssh-simplified/s3_srvr_11_false-unreach-call.cil.c	TIMEOUT	901.460802247	884.503303051	zeus09	3733270528	883.266	2.009	10	97.067	false(reach)	51.914820146	42.0794789791	1247752192	zeus05	41.279	0.426	12	20.517
ssh-simplified/s3_srvr_13_false-unreach-call.cil.c	TIMEOUT	901.245620853	886.77719903	zeus14	3929858048	885.762	1.147	21	560.165	false(reach)	359.48966109	346.039344072	3818250240	zeus09	345.363	1.122	49	22.859
ssh-simplified/s3_srvr_3_true-unreach-call.cil.c	true	44.469796658	38.1767849922	zeus04	623906816	37.547	0.091	5	33.825	TIMEOUT	901.079554846	888.186749935	667815936	zeus14	887.440	0.259	29	877.048
ssh-simplified/s3_srvr_4_true-unreach-call.cil.c	true	37.858317357	32.0222229958	zeus13	624410624	31.424	0.101	5	27.985	TIMEOUT	901.117821791	888.752887011	1198936064	zeus23	888.008	0.251	29	878.105
eca-rers2012/Problem01_label15_false-unreach-call.c	false(reach)	128.970075581	117.322364092	zeus09	3886960640	116.200	1.872	53	37.926	TIMEOUT	906.127484518	790.30846405	7203696640	zeus04	785.481	13.485	37	2.637
eca-rers2012/Problem01_label20_false-unreach-call.c	false(reach)	528.206651633	494.973273993	zeus22	5288427520	492.274	10.199	52	76.711	TIMEOUT	904.040867644	735.245588064	7253020672	zeus14	731.644	10.679	26	3.444
eca-rers2012/Problem01_label21_false-unreach-call.c	false(reach)	145.267358732	133.311366081	zeus21	3856900096	132.004	2.111	59	51.667	TIMEOUT	904.313765855	787.494791031	7176658944	zeus01	783.757	13.276	39	2.613
eca-rers2012/Problem01_label32_false-unreach-call.c	false(reach)	473.552098159	438.510164976	zeus09	5396312064	435.597	9.741	50	58.705	TIMEOUT	904.174701099	795.22979188	6883463168	zeus06	791.756	13.431	28	4.620
eca-rers2012/Problem01_label33_false-unreach-call.c	false(reach)	218.570127358	204.374104977	zeus03	4401688576	202.739	4.492	51	39.987	TIMEOUT	904.116571782	819.252344131	7240585216	zeus22	815.781	14.112	31	7.842
eca-rers2012/Problem01_label35_false-unreach-call.c	false(reach)	117.94606006	107.076616049	zeus22	3670552576	105.725	2.205	46	30.956	TIMEOUT	904.008035385	802.745314121	6453694464	zeus23	799.008	15.288	32	2.618
eca-rers2012/Problem01_label37_false-unreach-call.c	false(reach)	214.69745042	200.102196932	zeus19	4531380224	198.378	4.026	46	38.970	TIMEOUT	945.31499968	805.059882164	7748866048	zeus07	800.975	12.893	30	1.638
eca-rers2012/Problem01_label38_false-unreach-call.c	false(reach)	143.796656936	132.281532049	zeus09	3778707456	130.968	2.161	54	47.289	TIMEOUT	907.077966704	789.868781805	7137644544	zeus14	784.637	13.853	38	2.551
eca-rers2012/Problem01_label47_false-unreach-call.c	false(reach)	495.0313336	459.909960032	zeus14	5401358336	457.423	8.626	48	60.544	TIMEOUT	906.59940529	779.287660122	7554465792	zeus06	774.210	12.457	28	3.608
eca-rers2012/Problem01_label50_false-unreach-call.c	false(reach)	120.061471327	108.667357922	zeus16	3690369024	107.375	1.895	51	33.383	TIMEOUT	906.655522603	785.343286037	7101796352	zeus11	780.399	11.554	36	2.598
eca-rers2012/Problem01_label56_false-unreach-call.c	false(reach)	217.492695931	202.887338161	zeus16	4427390976	201.263	4.054	49	38.815	TIMEOUT	935.015347501	809.449282885	7724597248	zeus04	805.287	14.058	31	1.723
eca-rers2012/Problem01_label57_false-unreach-call.c	false(reach)	231.896710259	217.509814024	zeus14	4520386560	215.901	3.743	52	50.324	TIMEOUT	939.840455481	813.846003056	7644508160	zeus08	809.843	13.418	34	2.169
eca-rers2012/Problem02_label16_false-unreach-call.c	TIMEOUT	906.867680605	711.56896019	zeus19	8213651456	706.146	12.467	45	14.660	false(reach)	712.818691789	622.698684931	6823661568	zeus07	621.944	15.316	41	23.586
eca-rers2012/Problem02_label43_false-unreach-call.c	false(reach)	144.876345403	130.36913681	zeus24	4705763328	129.609	2.805	45	19.736	TIMEOUT	904.256937764	747.852621078	7736209408	zeus24	744.126	35.094	36	10.434
eca-rers2012/Problem10_label12_false-unreach-call.c	TIMEOUT	902.611671332	885.855736017	zeus23	4482457600	884.026	2.327	29	120.310	false(reach)	29.464132482	19.809705019	1207296000	zeus05	18.758	0.406	6	1.627
eca-rers2012/Problem10_label15_false-unreach-call.c	TIMEOUT	901.501922552	889.012495995	zeus21	2298171392	888.228	0.565	37	26.290	false(reach)	379.914741259	322.105839968	5296001024	zeus23	320.816	6.684	13	9.642
eca-rers2012/Problem10_label24_false-unreach-call.c	TIMEOUT	902.703274146	873.405654907	zeus14	4984553472	871.191	3.517	20	76.035	false(reach)	202.566335504	185.651609898	4606590976	zeus15	184.386	4.648	18	9.063
eca-rers2012/Problem10_label47_false-unreach-call.c	TIMEOUT	901.469047243	890.047168016	zeus21	802852864	889.263	0.370	25	16.859	false(reach)	29.223614561	20.8373000622	1214828544	zeus01	19.767	0.524	10	1.571
eca-rers2012/Problem10_label50_false-unreach-call.c	TIMEOUT	901.211821974	890.119426966	zeus01	766005248	889.265	0.503	18	4.001	false(reach)	28.908621292	20.8978250027	1214275584	zeus03	19.700	0.574	10	1.315
eca-rers2012/Problem10_label57_false-unreach-call.c	TIMEOUT	908.014224112	894.751054049	zeus10	4089778176	893.348	1.758	25	105.270	false(reach)	151.86848105	136.533195972	4460269568	zeus04	135.378	3.236	17	7.642
eca-rers2012/Problem11_label00_false-unreach-call.c	TIMEOUT	904.15638744	830.969770908	zeus18	6593781760	827.031	11.750	15	186.697	false(reach)	37.330941826	27.9140851498	1386000384	zeus16	26.607	0.805	10	1.346
eca-rers2012/Problem11_label14_false-unreach-call.c	TIMEOUT	902.35595989	883.203655958	zeus02	3917275136	881.343	2.557	548	729.972	false(reach)	50.191941247	38.42532897	2301472768	zeus02	37.459	0.938	80	2.620
eca-rers2012/Problem11_label29_false-unreach-call.c	TIMEOUT	906.743502805	764.367135048	zeus22	7070547968	759.719	8.936	68	43.246	false(reach)	67.393707543	55.7467110157	3307720704	zeus18	54.696	1.346	55	3.260
eca-rers2012/Problem11_label31_false-unreach-call.c	TIMEOUT	902.626281536	884.595514059	zeus07	4177121280	882.642	2.357	45	784.742	false(reach)	76.173534436	64.6004121304	2611912704	zeus22	63.198	1.598	16	3.485
eca-rers2012/Problem11_label36_false-unreach-call.c	TIMEOUT	901.870833259	884.345876932	zeus20	3742322688	882.868	1.900	81	802.790	false(reach)	61.486389711	49.8333508968	2625363968	zeus12	48.748	1.196	21	3.279
eca-rers2012/Problem11_label42_false-unreach-call.c	TIMEOUT	902.456420888	883.30882597	zeus02	2972286976	881.522	2.198	36	799.419	false(reach)	93.812251499	78.7855088711	3948462080	zeus15	77.748	2.066	14	4.894
eca-rers2012/Problem11_label49_false-unreach-call.c	TIMEOUT	901.87567409	887.2505548	zeus19	3727007744	886.035	0.921	42	842.615	false(reach)	55.273101858	44.3435199261	2514784256	zeus16	43.070	1.083	22	2.863
eca-rers2012/Problem11_label51_false-unreach-call.c	TIMEOUT	903.967851124	766.529301882	zeus09	7208108032	763.215	7.414	65	27.705	false(reach)	53.762619222	43.4875071049	2362265600	zeus15	42.469	1.061	41	2.467
eca-rers2012/Problem11_label58_false-unreach-call.c	TIMEOUT	902.327604395	883.585530043	zeus18	4096131072	881.875	1.752	593	749.040	false(reach)	161.342144921	146.642031908	3990204416	zeus23	145.618	4.077	68	7.338
eca-rers2012/Problem12_label08_false-unreach-call.c	TIMEOUT	902.585081971	861.844395876	zeus01	5349257216	859.716	5.181	25	104.891	false(reach)	304.020441599	266.331735134	5620285440	zeus15	262.220	8.316	6	3.342
eca-rers2012/Problem13_label04_false-unreach-call.c	TIMEOUT	904.929329711	742.909041882	zeus24	8699469824	738.246	14.000	11	64.604	false(reach)	325.682202133	280.888930082	5242359808	zeus11	277.648	7.772	7	6.405
eca-rers2012/Problem14_label27_false-unreach-call.c	TIMEOUT	901.345549474	889.029575109	zeus16	1273434112	888.277	0.579	68	42.716	false(reach)	407.906818974	312.979900122	6405648384	zeus02	311.546	7.333	9	41.348
eca-rers2012/Problem14_label31_false-unreach-call.c	TIMEOUT	901.696255912	888.813416958	zeus24	1243127808	887.663	0.276	23	872.686	false(reach)	38.531756221	28.0479049683	1358303232	zeus11	26.383	0.701	8	2.625
eca-rers2012/Problem14_label37_false-unreach-call.c	TIMEOUT	901.407235197	888.772855043	zeus16	1291583488	888.024	0.464	69	39.678	false(reach)	391.534160061	303.38833499	6355701760	zeus17	301.864	5.740	9	38.466
eca-rers2012/Problem14_label52_false-unreach-call.c	TIMEOUT	907.243439949	736.134312868	zeus03	9691033600	730.047	12.000	15	116.673	false(reach)	387.931249369	295.662605047	6391422976	zeus10	294.333	5.356	7	13.796
eca-rers2012/Problem14_label54_false-unreach-call.c	TIMEOUT	905.400210583	720.570559978	zeus07	9810296832	715.485	15.418	21	94.251	false(reach)	377.245306466	291.608643055	6320447488	zeus09	290.133	5.745	13	15.461
eca-rers2012/Problem14_label57_false-unreach-call.c	TIMEOUT	961.133427559	754.322036028	zeus22	10001752064	749.489	13.699	15	119.300	false(reach)	429.640177559	333.915841818	6390689792	zeus09	332.489	7.391	7	14.836
eca-rers2012/Problem15_label07_false-unreach-call.c	TIMEOUT	901.216517315	880.293578863	zeus09	4751810560	879.574	4.182	208	92.875	false(reach)	813.926601957	609.988579988	8279863296	zeus19	608.608	117.174	51	24.997
eca-rers2012/Problem15_label14_false-unreach-call.c	TIMEOUT	903.809517992	833.012321949	zeus13	5811183616	830.147	4.522	386	65.766	false(reach)	840.537350619	637.900295973	8413696000	zeus16	636.522	115.191	41	27.026
eca-rers2012/Problem15_label23_false-unreach-call.c	false(reach)	170.231416905	157.883847952	zeus03	3560509440	156.554	2.382	20	39.441	TIMEOUT	902.3973585	888.722642899	1645621248	zeus23	887.327	0.763	6	859.979
eca-rers2012/Problem15_label30_false-unreach-call.c	TIMEOUT	903.985536849	837.763738155	zeus18	5640122368	834.750	5.467	360	77.714	false(reach)	77.028123099	64.3317599297	3668635648	zeus24	62.969	2.225	29	3.337
eca-rers2012/Problem15_label33_false-unreach-call.c	TIMEOUT	903.27852647	831.049736023	zeus06	5921173504	828.499	6.051	63	12.894	false(reach)	673.400757825	635.977864027	5568860160	zeus13	634.645	7.187	37	14.179
eca-rers2012/Problem15_label34_false-unreach-call.c	TIMEOUT	903.947325483	835.066911936	zeus22	6742020096	831.717	10.273	28	209.049	false(reach)	821.140987217	623.721915007	8692359168	zeus07	621.941	11.895	8	25.214
eca-rers2012/Problem15_label37_false-unreach-call.c	TIMEOUT	904.376347579	831.452062845	zeus14	5958225920	828.144	5.024	63	11.394	false(reach)	358.401429807	338.157409906	4664057856	zeus05	336.601	6.137	33	8.136
eca-rers2012/Problem15_label38_false-unreach-call.c	TIMEOUT	902.616972483	835.483370781	zeus06	5614305280	833.171	4.448	355	69.867	false(reach)	369.344945225	303.139219999	6014730240	zeus19	301.705	7.482	55	13.248
eca-rers2012/Problem15_label39_false-unreach-call.c	TIMEOUT	901.395690553	880.627305984	zeus16	4561973248	879.639	4.728	320	149.186	false(reach)	53.744529091	41.9258959293	2524418048	zeus20	40.505	1.297	50	2.188
eca-rers2012/Problem15_label40_false-unreach-call.c	TIMEOUT	902.111095178	883.563278913	zeus09	3778674688	881.965	1.546	30	819.247	false(reach)	33.872940002	22.9978318214	1282170880	zeus06	21.788	0.521	5	1.481
eca-rers2012/Problem15_label45_false-unreach-call.c	TIMEOUT	903.164516228	830.13591218	zeus16	5932523520	827.618	5.100	64	12.548	false(reach)	808.10504076	608.104346991	8604667904	zeus22	606.807	15.517	22	25.042
eca-rers2012/Problem15_label47_false-unreach-call.c	TIMEOUT	902.992165263	852.784044981	zeus11	6061137920	850.228	8.528	206	172.829	false(reach)	820.954980773	607.856436968	8273051648	zeus12	605.989	124.049	51	27.051
eca-rers2012/Problem15_label50_false-unreach-call.c	TIMEOUT	902.74750499	836.912157059	zeus14	5646077952	834.615	5.577	363	72.099	false(reach)	75.011894009	62.2922501564	3672334336	zeus17	60.978	1.467	29	3.416
eca-rers2012/Problem15_label51_false-unreach-call.c	TIMEOUT	902.666704193	841.498038054	zeus13	5458010112	839.245	4.533	863	197.795	ERROR (1	913.835011021	681.639387131	8524791808	zeus15				
eca-rers2012/Problem17_label07_false-unreach-call.c	TIMEOUT	902.23478316	882.317089081	zeus07	4255985664	880.401	4.175	46	34.432	false(reach)	50.559588299	39.2533228397	2546892800	zeus06	37.662	0.979	6	1.493
eca-rers2012/Problem17_label16_false-unreach-call.c	TIMEOUT	901.693817566	878.688593864	zeus12	4466438144	877.515	6.362	16	20.052	false(reach)	273.961104359	231.378556967	5690757120	zeus19	229.757	5.870	6	11.360
eca-rers2012/Problem17_label20_false-unreach-call.c	TIMEOUT	901.329955053	879.725503922	zeus23	4452917248	878.632	3.615	14	15.252	false(reach)	273.198279466	230.963634968	5725237248	zeus09	229.367	5.803	6	12.717
eca-rers2012/Problem17_label26_false-unreach-call.c	TIMEOUT	901.191801978	874.448050976	zeus06	4450631680	873.609	4.562	26	25.506	false(reach)	271.161793282	223.377139091	4783665152	zeus12	221.799	5.473	6	12.018
eca-rers2012/Problem17_label30_false-unreach-call.c	TIMEOUT	907.024828923	880.681982994	zeus14	4321632256	879.447	4.778	26	23.693	false(reach)	265.635302523	224.722493172	4783091712	zeus01	222.934	5.668	6	11.141
eca-rers2012/Problem01_label00_true-unreach-call.c	true	30.267056838	21.9429631233	zeus03	1177559040	21.277	0.274	60	11.213	TIMEOUT	905.247399625	794.51207304	6134464512	zeus14	790.652	8.019	47	1.140
eca-rers2012/Problem01_label01_true-unreach-call.c	true	27.617164784	19.8749809265	zeus17	1168728064	19.213	0.319	53	9.775	TIMEOUT	903.3589167	785.820363045	6070173696	zeus04	783.056	9.373	40	1.083
eca-rers2012/Problem01_label14_true-unreach-call.c	true	23.734464464	15.83959198	zeus09	641966080	15.168	0.317	55	3.850	TIMEOUT	903.96450258	789.161252022	6249402368	zeus16	785.869	8.655	54	1.312
eca-rers2012/Problem01_label16_true-unreach-call.c	true	22.830097314	15.2017979622	zeus23	642912256	14.535	0.296	54	3.514	TIMEOUT	905.509123419	798.036159992	6301216768	zeus11	793.804	8.557	53	1.310
eca-rers2012/Problem01_label22_true-unreach-call.c	true	24.91027977	16.5204031467	zeus04	1022066688	15.850	0.236	54	4.724	TIMEOUT	903.634061735	786.317291021	6307483648	zeus15	783.227	7.939	51	1.216
eca-rers2012/Problem01_label34_true-unreach-call.c	true	23.098091008	15.451364994	zeus09	828276736	14.754	0.279	47	4.949	TIMEOUT	986.677393037	881.707278013	6761672704	zeus05	878.504	21.283	45	4.971
eca-rers2012/Problem01_label36_true-unreach-call.c	true	21.540913258	13.7525148392	zeus18	645025792	13.066	0.219	43	3.518	TIMEOUT	906.560022457	782.609183073	6269112320	zeus01	778.084	8.524	42	1.114
eca-rers2012/Problem01_label39_true-unreach-call.c	true	23.023326931	15.3834071159	zeus22	901910528	14.683	0.324	56	3.771	TIMEOUT	903.662254094	787.82844305	6239342592	zeus21	784.763	9.079	55	1.323
eca-rers2012/Problem01_label40_true-unreach-call.c	true	19.690510995	12.5105791092	zeus11	645742592	11.838	0.241	37	3.071	TIMEOUT	903.712384699	802.769402027	6350589952	zeus12	799.566	9.609	36	1.078
eca-rers2012/Problem01_label45_true-unreach-call.c	true	21.626100396	13.9297218323	zeus01	646918144	13.265	0.256	48	3.120	TIMEOUT	905.689652197	796.228783846	6223413248	zeus05	792.031	10.666	48	1.256
eca-rers2012/Problem01_label46_true-unreach-call.c	true	21.686228452	13.6511321068	zeus19	645935104	12.991	0.208	46	3.253	TIMEOUT	903.871166157	798.041842937	6383710208	zeus06	794.813	8.817	46	1.266
eca-rers2012/Problem01_label48_true-unreach-call.c	true	23.437679043	15.3854100704	zeus11	641048576	14.711	0.268	51	4.017	TIMEOUT	903.569930148	785.85829401	6214348800	zeus22	782.807	7.765	50	1.240
eca-rers2012/Problem01_label49_true-unreach-call.c	true	21.885973581	13.9047000408	zeus05	647503872	13.245	0.253	44	3.459	TIMEOUT	904.102312144	788.761561871	6334410752	zeus02	785.577	10.457	43	1.052
eca-rers2012/Problem01_label51_true-unreach-call.c	true	25.921489292	17.7054810524	zeus02	645459968	16.913	0.347	45	3.499	TIMEOUT	906.007829712	790.68188715	6285029376	zeus16	786.387	8.188	44	1.083
eca-rers2012/Problem01_label52_true-unreach-call.c	true	22.372865703	14.7535741329	zeus13	741888000	14.096	0.277	51	3.395	TIMEOUT	903.617742227	793.067759037	6271283200	zeus23	789.999	8.850	50	1.302
eca-rers2012/Problem01_label58_true-unreach-call.c	true	21.477123909	13.469630003	zeus22	643162112	12.798	0.237	42	3.450	TIMEOUT	905.003390098	786.922622919	6288793600	zeus09	783.795	8.843	41	1.130
eca-rers2012/Problem07_label17_true-unreach-call.c	TIMEOUT	904.156951572	873.13179493	zeus15	4247506944	870.679	11.568	274	390.055	KILLED BY SIGNAL 9	32.180696349	7220.98848915	1703288832	zeus17				
eca-rers2012/Problem10_label03_true-unreach-call.c	true	11.934715506	7.01077818871	zeus13	378929152	6.308	0.119	3	1.154	TIMEOUT	1041.47178682	809.101647854	8147472384	zeus12	805.129	9.406	3	0.367
eca-rers2012/Problem10_label04_true-unreach-call.c	true	11.879656881	7.08228397369	zeus06	406687744	6.422	0.112	3	1.327	TIMEOUT	1053.46066737	822.031125784	8092069888	zeus06	817.950	11.904	3	0.453
eca-rers2012/Problem10_label05_true-unreach-call.c	true	12.08972804	7.21395516396	zeus14	395476992	6.502	0.142	3	1.217	TIMEOUT	904.35117892	754.65446806	7790739456	zeus04	750.679	8.787	3	0.413
eca-rers2012/Problem10_label06_true-unreach-call.c	true	11.42993938	6.7722299099	zeus06	373526528	6.115	0.104	3	1.239	TIMEOUT	1021.60490473	797.795386076	8153665536	zeus12	793.919	8.357	3	0.320
eca-rers2012/Problem10_label07_true-unreach-call.c	true	11.762231526	7.00105285645	zeus11	388005888	6.308	0.138	3	1.166	TIMEOUT	947.808295638	744.737354994	7968329728	zeus11	740.927	12.737	3	0.330
eca-rers2012/Problem10_label08_true-unreach-call.c	true	12.701767103	7.42691087723	zeus07	392654848	6.594	0.133	3	1.306	TIMEOUT	1008.67641721	795.998100996	8041713664	zeus15	791.849	11.009	3	0.379
eca-rers2012/Problem10_label09_true-unreach-call.c	true	11.89009199	6.99919295311	zeus14	398786560	6.241	0.107	3	1.205	TIMEOUT	907.3973077	750.299208879	8006979584	zeus04	746.330	9.035	3	0.346
eca-rers2012/Problem10_label10_true-unreach-call.c	true	13.709187276	8.33073496819	zeus15	387321856	7.189	0.147	3	1.359	TIMEOUT	1018.15759808	772.7624259	7939141632	zeus20	768.982	9.860	3	0.332
eca-rers2012/Problem10_label19_true-unreach-call.c	true	11.80912103	6.92905116081	zeus03	366612480	6.067	0.101	3	1.188	TIMEOUT	1029.86777718	797.747596025	8141987840	zeus22	793.481	11.186	3	0.330
eca-rers2012/Problem10_label20_true-unreach-call.c	true	11.780492382	6.94021201134	zeus22	372072448	6.115	0.121	3	1.177	TIMEOUT	939.634510708	761.076884031	8156602368	zeus23	757.118	13.571	3	0.304
eca-rers2012/Problem10_label21_true-unreach-call.c	true	11.29188775	6.7355389595	zeus21	357457920	6.068	0.105	3	1.163	TIMEOUT	904.423044859	753.93333292	7807418368	zeus19	749.910	10.394	3	0.326
eca-rers2012/Problem10_label22_true-unreach-call.c	true	12.163045136	7.20236110687	zeus21	373207040	6.387	0.125	3	1.190	TIMEOUT	904.7116209	755.059634924	7986696192	zeus15	750.801	8.841	3	0.372
eca-rers2012/Problem10_label31_true-unreach-call.c	true	11.7846857	6.97361111641	zeus13	380649472	6.329	0.107	3	1.430	TIMEOUT	904.417405865	752.082130909	7974932480	zeus17	748.073	11.185	3	0.507
eca-rers2012/Problem10_label32_true-unreach-call.c	true	11.226561931	6.63274788857	zeus18	358785024	5.979	0.110	3	1.189	TIMEOUT	1075.74562676	834.443868876	8010780672	zeus24	830.414	10.723	3	0.338
eca-rers2012/Problem10_label33_true-unreach-call.c	true	12.174679771	7.11010217667	zeus06	383533056	6.402	0.121	3	1.303	TIMEOUT	983.385633694	773.423333168	8015810560	zeus03	769.534	9.681	3	0.463
eca-rers2012/Problem10_label34_true-unreach-call.c	true	11.997197571	6.96495914459	zeus13	390451200	6.285	0.107	3	1.446	TIMEOUT	904.642199839	755.746399879	7974010880	zeus17	751.546	12.586	3	0.517
eca-rers2012/Problem10_label35_true-unreach-call.c	true	12.042394042	7.02699279785	zeus22	385384448	6.373	0.113	3	1.566	TIMEOUT	948.444607145	750.038218021	7931899904	zeus03	746.261	11.110	3	0.408
eca-rers2012/Problem10_label36_true-unreach-call.c	true	12.246182798	7.16355490685	zeus08	385662976	6.490	0.116	3	1.499	TIMEOUT	907.971717919	745.1417768	7767580672	zeus18	739.452	8.424	3	0.525
eca-rers2012/Problem10_label37_true-unreach-call.c	true	12.152171182	7.12536811829	zeus14	385675264	6.362	0.130	3	1.384	TIMEOUT	1041.58946026	812.411799908	8107294720	zeus21	808.541	9.741	3	0.440
eca-rers2012/Problem10_label38_true-unreach-call.c	true	11.609752494	6.86532783508	zeus08	366379008	6.058	0.099	3	1.166	TIMEOUT	1052.59952373	824.009848833	8130039808	zeus10	820.090	12.850	3	0.302
eca-rers2012/Problem10_label51_true-unreach-call.c	true	13.367592253	7.75435304642	zeus10	442142720	7.068	0.139	4	1.623	TIMEOUT	998.615060303	788.075309992	7975759872	zeus02	784.201	11.274	4	0.406
eca-rers2012/Problem10_label52_true-unreach-call.c	true	13.213455904	7.70589399338	zeus08	434077696	7.023	0.129	4	1.448	TIMEOUT	958.13134037	755.048638105	7909916672	zeus21	751.158	63.719	4	0.472
eca-rers2012/Problem10_label53_true-unreach-call.c	true	12.762418842	7.55253005028	zeus24	432836608	6.885	0.122	4	1.439	TIMEOUT	904.541981265	744.520293951	7832358912	zeus18	740.634	10.870	4	0.468
eca-rers2012/Problem10_label54_true-unreach-call.c	true	16.593883445	10.0382790565	zeus15	451039232	8.994	0.172	4	1.783	TIMEOUT	977.326200773	774.066715002	7988027392	zeus22	770.143	8.889	4	0.446
eca-rers2012/Problem13_label18_true-unreach-call.c	TIMEOUT	904.813715003	799.420476913	zeus10	5912727552	797.395	11.859	193	70.397	ERROR (1	1009.8066091	799.112092018	8935718912	zeus02				
eca-rers2012/Problem14_label20_true-unreach-call.c	true	14.317079051	8.58878493309	zeus10	456994816	7.904	0.161	3	2.296	TIMEOUT	913.441176737	719.331198931	7995826176	zeus18	715.414	48.842	3	0.797
eca-rers2012/Problem14_label25_true-unreach-call.c	true	14.43795028	8.71937894821	zeus12	460206080	8.018	0.165	3	2.448	TIMEOUT	965.624489558	738.953677893	8000675840	zeus16	734.949	8.461	3	0.797
eca-rers2012/Problem14_label30_true-unreach-call.c	true	14.485658982	8.64790678024	zeus05	449871872	7.952	0.158	3	2.326	TIMEOUT	993.437850486	766.119658947	8190234624	zeus03	762.156	11.586	3	0.901
eca-rers2012/Problem14_label35_true-unreach-call.c	true	14.72353568	8.77158093452	zeus08	449478656	8.085	0.148	3	2.313	TIMEOUT	978.755385248	751.667302132	8145170432	zeus07	747.662	10.854	3	0.892
eca-rers2012/Problem16_label24_true-unreach-call.c	true	119.082177954	108.4102211	zeus06	2331742208	107.625	0.196	16	90.458	TIMEOUT	907.027671707	700.811952114	8105050112	zeus11	695.345	11.763	4	1.581
eca-rers2012/Problem16_label48_true-unreach-call.c	true	54.161593739	44.2295780182	zeus06	1211658240	43.523	0.192	12	33.737	TIMEOUT	907.10885276	688.707082033	9464950784	zeus21	683.516	13.866	2	1.275
eca-rers2012/Problem16_label56_true-unreach-call.c	true	33.929794528	24.2032029629	zeus04	1213046784	23.468	0.196	8	15.213	TIMEOUT	906.904127319	664.636245012	8926658560	zeus17	659.978	10.551	2	1.160
eca-rers2012/Problem18_label41_true-unreach-call.c	true	147.137862541	134.626274109	zeus17	2363420672	133.803	0.258	19	122.205	TIMEOUT	908.582019453	716.870720863	9161879552	zeus16	710.131	26.059	14	3.681
eca-rers2012/Problem18_label43_true-unreach-call.c	true	111.197001923	98.8486700058	zeus19	2345189376	98.038	0.275	17	85.880	TIMEOUT	908.581744265	725.336066008	8658255872	zeus18	718.832	17.825	14	4.487
loop-acceleration/array_true-unreach-call1.i	TIMEOUT	901.697909244	893.86139822	zeus01	1163141120	892.919	0.078	2	889.693	true	15.637247067	11.5500690937	2207817728	zeus02	10.912	0.096	2	6.655
loop-acceleration/const_true-unreach-call1.i	TIMEOUT	901.543470857	892.396034956	zeus20	1158451200	891.366	0.060	2	887.830	true	11.697481934	7.99942111969	1153368064	zeus08	7.383	0.066	2	4.048
product-lines/email_spec0_product35_false-unreach-call.cil.c	TIMEOUT	900.827184777	885.941056013	zeus03	717926400	885.271	0.359	36	856.690	KILLED BY SIGNAL 9	28.95284219	7221.12845707	674381824	zeus17				
ldv-linux-3.0/module_get_put-drivers-block-drbd-drbd.ko_true-unreach-call.cil.out.i.pp.i	TIMEOUT	901.553704461	863.487530947	zeus08	3808808960	862.588	1.193	3	3.435	true	145.248055837	118.063432932	3570716672	zeus05	117.080	0.472	4	81.790
ldv-linux-3.4-simple/43_1a_cilled_false-unreach-call_ok_linux-43_1a-drivers--net--wireless--orinoco--orinoco_usb.ko-ldv_main0_sequence_infinite_withcheck_stateful.cil.out.c	false(reach)	289.60870562	273.563084841	zeus13	3554811904	272.639	0.262	11	261.945	TIMEOUT	901.825594895	881.51385808	3704193024	zeus18	880.129	1.788	3	2.347
ldv-linux-3.4-simple/43_1a_cilled_false-unreach-call_ok_linux-43_1a-drivers--usb--gadget--mv_udc.ko-ldv_main0_sequence_infinite_withcheck_stateful.cil.out.c	false(reach)	84.573201871	67.9178109169	zeus19	3503587328	66.908	0.284	8	53.821	TIMEOUT	903.853562706	779.274811983	7040770048	zeus16	775.684	8.174	4	1.749
ldv-linux-3.4-simple/32_1_cilled_true-unreach-call_ok_nondet_linux-3.4-32_1-drivers--net--arcnet--arc-rawmode.ko-ldv_main0_sequence_infinite_withcheck_stateful.cil.out.c	TIMEOUT	901.225601765	895.644793987	zeus10	703721472	894.840	0.071	3	890.603	true	17.100168118	11.273968935	1188671488	zeus24	10.619	0.119	3	5.669
ldv-linux-3.4-simple/32_1_cilled_true-unreach-call_ok_nondet_linux-3.4-32_1-drivers--w1--slaves--w1_ds2433.ko-ldv_main0_sequence_infinite_withcheck_stateful.cil.out.c	TIMEOUT	901.885658214	880.461509943	zeus16	4202242048	878.952	1.834	2	9.258	true	6.405718838	3.85682797432	221454336	zeus07	3.219	0.014	1	0.492
ldv-linux-3.4-simple/43_1a_cilled_true-unreach-call_ok_nondet_linux-43_1a-drivers--media--dvb--dvb-usb--dvb-usb-vp7045.ko-ldv_main0_sequence_infinite_withcheck_stateful.cil.out.c	TIMEOUT	901.323269593	888.856951952	zeus05	2312626176	888.147	0.067	9	883.120	true	17.860184723	10.9806931019	909971456	zeus05	10.139	0.131	6	3.993
ldv-linux-3.4-simple/43_1a_cilled_true-unreach-call_ok_nondet_linux-43_1a-drivers--media--dvb--ttpci--budget-patch.ko-ldv_main0_sequence_infinite_withcheck_stateful.cil.out.c	TIMEOUT	901.272722982	890.721844912	zeus14	3552686080	889.959	0.049	3	884.849	true	20.031004373	12.233494997	1203204096	zeus05	11.506	0.113	4	5.077
ldv-commit-tester/m0_false-unreach-call_drivers-scsi-gdth-ko--111_1a--5934df9-1.c	false(reach)	203.966429736	181.841716051	zeus02	4098387968	178.929	4.150	35	57.169	TIMEOUT	904.958210005	713.204056025	10120355840	zeus08	709.790	27.364	6	50.966
ldv-commit-tester/m0_true-unreach-call_drivers-net-slip-ko--108_1a--1b0b0ac.c	true	20.064923864	13.630163908	zeus16	620687360	12.920	0.066	7	7.883	TIMEOUT	901.886542912	887.234037876	3491807232	zeus17	886.127	0.230	6	876.132
ldv-consumption/32_7a_cilled_false-unreach-call_linux-3.8-rc1-32_7a-fs--hfs--hfs.ko-ldv_main6_sequence_infinite_withcheck_stateful.cil.out.c	false(reach)	31.480028689	21.4500310421	zeus09	686493696	20.709	0.095	9	12.976	TIMEOUT	901.301429779	881.743020058	3588005888	zeus09	880.734	0.985	9	2.416
ldv-consumption/32_7a_cilled_true-unreach-call_linux-3.8-rc1-32_7a-drivers--block--cciss.ko-ldv_main0_sequence_infinite_withcheck_stateful.cil.out.c	true	439.299030058	415.807013988	zeus16	3998642176	414.248	2.344	13	352.464	TIMEOUT	903.34449928	854.533192158	4426108928	zeus03	851.949	2.794	1	1.129
ldv-consumption/32_7a_cilled_true-unreach-call_linux-3.8-rc1-32_7a-drivers--net--arcnet--arcnet.ko-ldv_main0_sequence_infinite_withcheck_stateful.cil.out.c	TIMEOUT	901.328715086	889.656109095	zeus18	1402519552	888.908	0.180	2	882.051	true	22.208089445	13.1353089809	1178533888	zeus13	12.324	0.261	4	3.580
ldv-consumption/32_7a_cilled_true-unreach-call_linux-3.8-rc1-32_7a-drivers--net--ethernet--realtek--atp.ko-ldv_main0_sequence_infinite_withcheck_stateful.cil.out.c	true	49.941555351	38.7437682152	zeus13	2343071744	37.632	0.580	7	23.371	TIMEOUT	901.97735993	881.479892015	3870081024	zeus12	879.902	1.963	3	1.975
ldv-consumption/32_7a_cilled_true-unreach-call_linux-3.8-rc1-32_7a-drivers--staging--bcm--bcm_wimax.ko-ldv_main2_sequence_infinite_withcheck_stateful.cil.out.c	true	641.98606414	525.06609416	zeus21	7119405056	520.495	20.978	3	37.941	TIMEOUT	903.511849142	674.225133896	10664042496	zeus17	671.499	37.045	2	82.858
ldv-consumption/32_7a_cilled_true-unreach-call_linux-3.8-rc1-32_7a-drivers--video--udlfb.ko-ldv_main0_sequence_infinite_withcheck_stateful.cil.out.c	false(reach)	17.936522349	10.6023609638	zeus17	628236288	9.892	0.140	8	2.848	TIMEOUT	902.329787829	883.533885002	3892047872	zeus17	881.635	2.446	6	1.165
ldv-consumption/32_7a_cilled_true-unreach-call_linux-3.8-rc1-32_7a-net--batman-adv--batman-adv.ko-ldv_main10_sequence_infinite_withcheck_stateful.cil.out.c	TIMEOUT	901.77424019	864.434445858	zeus12	3542478848	863.407	0.988	2	824.195	true	76.82792951	53.4819529057	2913591296	zeus20	52.303	1.404	4	7.113
ldv-consumption/32_7a_cilled_true-unreach-call_linux-3.8-rc1-32_7a-net--netfilter--ipvs--ip_vs.ko-ldv_main1_sequence_infinite_withcheck_stateful.cil.out.c	TIMEOUT	901.224949791	880.825565815	zeus19	3592359936	879.978	0.050	2	865.147	false(reach)	105.331924711	74.9839720726	3530514432	zeus05	73.068	0.462	7	39.509
ldv-consumption/32_7a_cilled_true-unreach-call_linux-3.8-rc1-drivers--block--cciss.ko-main.cil.out.c	true	393.485877512	333.517404795	zeus12	5425577984	328.837	5.709	35	169.246	TIMEOUT	905.554350383	738.941759109	8776937472	zeus07	734.864	8.304	13	2.924
ldv-consumption/32_7a_cilled_true-unreach-call_linux-3.8-rc1-drivers--block--paride--pf.ko-main.cil.out.c	TIMEOUT	901.628421999	878.667644024	zeus09	4029808640	877.548	1.966	10	7.110	true	45.108672458	32.610845089	2561650688	zeus23	31.527	1.361	9	3.573
ldv-consumption/32_7a_cilled_true-unreach-call_linux-3.8-rc1-drivers--hwmon--asb100.ko-main.cil.out.c	TIMEOUT	901.172726745	890.59496212	zeus07	773373952	889.896	0.045	15	885.196	true	30.872880232	20.0061972141	1292935168	zeus19	18.760	0.536	32	3.161
ldv-consumption/32_7a_cilled_true-unreach-call_linux-3.8-rc1-drivers--hwmon--max16065.ko-main.cil.out.c	TIMEOUT	901.212125736	890.366167068	zeus05	800108544	889.695	0.029	8	885.327	true	19.231313532	11.1315250397	657002496	zeus08	10.316	0.162	20	3.058
ldv-consumption/32_7a_cilled_true-unreach-call_linux-3.8-rc1-drivers--hwmon--w83781d.ko-main.cil.out.c	TIMEOUT	901.551744757	889.795643091	zeus20	779751424	888.807	0.023	5	882.705	false(reach)	54.116908451	40.7095711231	2765434880	zeus12	38.976	1.134	25	11.654
ldv-consumption/32_7a_cilled_true-unreach-call_linux-3.8-rc1-drivers--hwmon--w83792d.ko-main.cil.out.c	TIMEOUT	901.255241398	890.678705931	zeus23	795430912	889.988	0.019	3	884.516	true	30.44913033	19.3861501217	1364643840	zeus09	18.344	0.398	26	3.631
ldv-consumption/32_7a_cilled_true-unreach-call_linux-3.8-rc1-drivers--md--dm-snapshot.ko-main.cil.out.c	TIMEOUT	901.200237693	886.941478014	zeus16	3539656704	886.059	0.175	14	875.801	true	78.538442086	61.4942140579	3960012800	zeus11	58.955	2.162	12	7.562
ldv-consumption/32_7a_cilled_true-unreach-call_linux-3.8-rc1-drivers--misc--phantom.ko-main.cil.out.c	true	20.379332136	14.1313819885	zeus10	632090624	13.485	0.103	9	8.931	TIMEOUT	902.574954706	845.255297899	5195988992	zeus16	843.295	3.737	8	1.476
ldv-consumption/32_7a_cilled_true-unreach-call_linux-3.8-rc1-drivers--vfio--pci--vfio-pci.ko-main.cil.out.c	true	503.40323353	488.135941029	zeus17	704471040	487.326	0.235	7	478.118	TIMEOUT	903.176984011	860.745266914	5426167808	zeus09	857.944	3.944	7	4.179
ldv-consumption/32_7a_cilled_true-unreach-call_linux-3.8-rc1-drivers--video--udlfb.ko-main.cil.out.c	true	51.285274332	39.3936138153	zeus07	1227542528	38.587	0.521	10	25.254	TIMEOUT	902.417777579	881.544095993	4041322496	zeus02	879.654	2.497	8	1.401
ldv-consumption/linux-3.8-rc1-32_7a-drivers--media--usb--sn9c102--sn9c102.ko-ldv_main0_true-unreach-call.cil.out.c	TIMEOUT	901.478942065	878.132352829	zeus23	3835666432	877.074	0.895	12	846.386	false(reach)	452.048581815	364.921972036	6139428864	zeus24	361.584	13.086	18	33.871
ldv-consumption/linux-3.8-rc1-32_7a-drivers--media--usb--ttusb-dec--ttusb_dec.ko-ldv_main0_true-unreach-call.cil.out.c	TIMEOUT	902.006383085	883.31771183	zeus22	2966073344	882.128	1.262	82	839.222	true	32.639269352	21.9749379158	1247571968	zeus07	21.076	0.431	13	3.435
ldv-linux-3.12-rc1/linux-3.12-rc1.tar.xz-118_1a-drivers--scsi--qla2xxx--qla2xxx.ko-entry_point_false-unreach-call.cil.out.c	TIMEOUT	901.497529284	875.584495068	zeus09	3732160512	874.735	0.078	1	851.314	false(reach)	144.854038702	118.136213064	3686854656	zeus14	116.921	0.363	17	79.068
ldv-linux-3.12-rc1/linux-3.12-rc1.tar.xz-144_2a-drivers--input--tablet--gtco.ko-entry_point_false-unreach-call.cil.out.c	false(reach)	203.614057626	190.140203953	zeus18	703954944	189.397	0.224	15	182.300	TIMEOUT	903.024736901	812.314631939	6118895616	zeus13	809.620	7.598	9	15.620
ldv-linux-3.12-rc1/linux-3.12-rc1.tar.xz-144_2a-drivers--input--touchscreen--usbtouchscreen.ko-entry_point_false-unreach-call.cil.out.c	TIMEOUT	901.602837565	882.942084074	zeus22	699138048	881.987	0.488	75	868.499	false(reach)	66.279366739	53.1306698322	2878537728	zeus24	51.475	1.498	13	11.433
ldv-linux-3.12-rc1/linux-3.12-rc1.tar.xz-144_2a-drivers--media--rc--imon.ko-entry_point_false-unreach-call.cil.out.c	TIMEOUT	901.888122437	879.871700048	zeus04	4645146624	878.575	3.476	36	797.297	false(reach)	385.119116048	323.631524801	6166528000	zeus03	320.067	12.087	14	21.293
ldv-linux-3.12-rc1/linux-3.12-rc1.tar.xz-144_2a-drivers--media--usb--dvb-usb--dvb-usb-dib0700.ko-entry_point_false-unreach-call.cil.out.c	TIMEOUT	901.308849503	880.700397015	zeus19	746373120	879.923	0.180	13	869.939	false(reach)	48.339398843	33.9706120491	2313732096	zeus17	33.003	0.551	14	10.594
ldv-linux-3.12-rc1/linux-3.12-rc1.tar.xz-144_2a-drivers--media--usb--s2255--s2255drv.ko-entry_point_false-unreach-call.cil.out.c	TIMEOUT	901.42282617	884.828432083	zeus20	707768320	884.037	0.115	4	876.272	false(reach)	120.173204359	102.869518995	4423843840	zeus16	100.981	2.650	15	18.407
ldv-linux-3.12-rc1/linux-3.12-rc1.tar.xz-144_2a-drivers--usb--serial--usbserial.ko-entry_point_false-unreach-call.cil.out.c	TIMEOUT	901.490041782	884.818485975	zeus01	1332563968	883.991	0.152	23	876.018	false(reach)	66.03257872	50.7342259884	2275405824	zeus05	49.569	0.313	25	35.386
ldv-linux-3.16-rc1/205_9a_array_unsafes_linux-3.16-rc1.tar.xz-205_9a-drivers--net--ieee802154--mrf24j40.ko-entry_point_false-unreach-call.cil.out.c	TIMEOUT	902.244786371	880.356906176	zeus18	2151530496	879.129	2.531	41	814.014	false(reach)	723.264011594	609.594930887	5973127168	zeus14	605.380	11.985	16	27.313
ldv-linux-3.16-rc1/205_9a_array_unsafes_linux-3.16-rc1.tar.xz-205_9a-drivers--net--wireless--mwifiex--mwifiex_sdio.ko-entry_point_false-unreach-call.cil.out.c	false(reach)	124.14861309	112.298199892	zeus06	1240211456	111.480	0.275	6	101.450	TIMEOUT	904.790322891	701.282174826	8183152640	zeus06	696.935	10.098	3	1.376
ldv-linux-3.16-rc1/205_9a_array_unsafes_linux-3.16-rc1.tar.xz-205_9a-drivers--net--wireless--mwifiex--mwifiex_usb.ko-entry_point_false-unreach-call.cil.out.c	TIMEOUT	901.375942151	885.821409941	zeus04	3628732416	884.840	0.533	11	868.868	false(reach)	70.032715244	56.9599680901	2650701824	zeus13	55.454	1.830	13	4.816
ldv-linux-3.16-rc1/43_2a_bitvector_linux-3.16-rc1.tar.xz-43_2a-net--unix--unix.ko-entry_point_false-unreach-call.cil.out.c	TIMEOUT	901.427283347	885.562405109	zeus16	2288414720	884.798	0.239	4	876.098	false(reach)	45.927239473	32.4334201813	2395111424	zeus08	30.902	0.682	5	11.749
ldv-linux-3.16-rc1/43_2a_bitvector_linux-3.16-rc1.tar.xz-43_2a-drivers--atm--he.ko-entry_point_true-unreach-call.cil.out.c	true	53.443228478	40.2436549664	zeus24	722632704	39.461	0.200	7	29.896	TIMEOUT	901.367384345	882.109793901	3583148032	zeus16	881.108	1.163	4	1.337
ldv-linux-3.16-rc1/43_2a_consumption_linux-3.16-rc1.tar.xz-43_2a-drivers--input--gameport--ns558.ko-entry_point_true-unreach-call.cil.out.c	TIMEOUT	903.834773515	891.052671909	zeus04	3654340608	888.929	0.400	4	832.346	EXCEPTION	408.878327934	397.072309971	3621654528	zeus11				
ldv-linux-3.16-rc1/43_2a_consumption_linux-3.16-rc1.tar.xz-43_2a-drivers--net--ethernet--nvidia--forcedeth.ko-entry_point_true-unreach-call.cil.out.c	false(reach)	253.680061594	234.136147976	zeus03	3936833536	232.593	1.874	16	176.623	TIMEOUT	901.355759446	882.279179096	3642593280	zeus23	881.223	1.109	1	1.603
ldv-linux-3.16-rc1/43_2a_consumption_linux-3.16-rc1.tar.xz-43_2a-drivers--parport--parport_pc.ko-entry_point_true-unreach-call.cil.out.c	TIMEOUT	900.921260522	886.619727135	zeus11	1311457280	885.878	0.107	3	879.048	true	286.628709526	217.033483028	6528385024	zeus12	211.209	6.921	7	16.373
ldv-validator-v0.6/linux-stable-431e8d4-1-102_1a-drivers--net--r8169.ko-entry_point_false-unreach-call.cil.out.c	TIMEOUT	901.011543779	882.877273083	zeus06	3561005056	882.095	0.326	13	869.245	false(reach)	34.384510511	21.7917981148	1215193088	zeus24	20.984	0.285	10	5.497
ldv-validator-v0.6/linux-stable-4a349aa-1-32_7a-drivers--media--video--tlg2300--poseidon.ko-entry_point_false-unreach-call.cil.out.c	false(reach)	144.969435425	127.109101057	zeus01	1261334528	126.285	0.259	29	113.859	TIMEOUT	905.192852521	823.792490959	5887262720	zeus01	820.446	9.555	12	14.754
ldv-validator-v0.6/linux-stable-8a9f335-1-32_7a-drivers--net--wireless--ath--carl9170--carl9170.ko-entry_point_false-unreach-call.cil.out.c	TIMEOUT	901.398097817	874.639473915	zeus24	936783872	873.693	0.436	29	852.167	false(reach)	322.471290393	286.878678083	4828680192	zeus23	283.714	8.273	51	14.222
systemc/token_ring.05_false-unreach-call_false-termination.cil.c	TIMEOUT	902.068980761	888.82097888	zeus12	3541078016	887.735	1.135	108	858.888	false(reach)	50.377191419	41.6781880856	2238558208	zeus16	40.696	1.255	34	4.556
systemc/token_ring.06_false-unreach-call_false-termination.cil.c	TIMEOUT	902.223999967	885.291191101	zeus20	3845165056	883.787	3.493	98	766.380	false(reach)	155.091988598	140.540297031	3933794304	zeus08	139.464	4.438	39	12.015
systemc/token_ring.07_false-unreach-call_false-termination.cil.c	TIMEOUT	902.273047742	829.702186108	zeus18	5856305152	828.256	7.876	83	474.828	false(reach)	795.914315776	702.914561987	5572173824	zeus05	701.672	15.920	44	35.750
systemc/toy1_false-unreach-call_false-termination.cil.c	TIMEOUT	901.63828894	888.132449865	zeus09	3524182016	887.249	4.250	324	769.549	false(reach)	149.058819346	137.992674828	3698614272	zeus15	137.095	4.681	362	13.014
systemc/toy2_false-unreach-call_false-termination.cil.c	TIMEOUT	901.108128314	886.335299015	zeus19	3543691264	885.491	4.257	343	765.179	false(reach)	152.463273525	141.977101088	3694489600	zeus18	141.067	4.475	362	12.334
systemc/transmitter.06_false-unreach-call_false-termination.cil.c	TIMEOUT	901.783620561	888.096944809	zeus19	4070731776	887.164	2.367	124	821.580	false(reach)	101.346936398	87.8505220413	3775311872	zeus20	86.759	2.333	39	6.469
systemc/transmitter.07_false-unreach-call_false-termination.cil.c	TIMEOUT	901.859650108	867.501563072	zeus09	5433454592	866.341	7.077	124	611.221	false(reach)	332.015941227	306.908540964	5018054656	zeus04	305.753	7.052	44	15.717
systemc/mem_slave_tlm.2_true-unreach-call_false-termination.cil.c	TIMEOUT	901.299163524	887.323035955	zeus10	2247667712	886.418	0.232	148	878.061	true	25.989226179	17.2867908478	1925746688	zeus12	16.651	0.250	87	6.108
systemc/mem_slave_tlm.3_true-unreach-call_false-termination.cil.c	TIMEOUT	901.298244139	887.248925924	zeus09	2274390016	886.365	0.228	147	877.240	true	30.650977698	20.9402289391	2246520832	zeus12	20.317	0.276	90	9.289
systemc/mem_slave_tlm.4_true-unreach-call_false-termination.cil.c	TIMEOUT	901.840061096	888.254992962	zeus12	1268654080	887.320	0.245	144	877.563	true	38.216629097	28.4375209808	3438829568	zeus11	27.768	0.345	93	15.384
systemc/mem_slave_tlm.5_true-unreach-call_false-termination.cil.c	TIMEOUT	901.553229768	887.814589977	zeus13	1306009600	886.803	0.290	141	874.499	true	47.689268662	37.4267208576	3555385344	zeus08	36.780	0.367	96	23.797
seq-mthreaded/pals_STARTPALS_ActiveStandby_false-unreach-call.1.ufo.BOUNDED-10.pals.c	TIMEOUT	901.36027636	884.840274096	zeus20	1722511360	883.925	1.506	54	834.691	false(reach)	433.738262782	421.226241827	1219510272	zeus15	420.393	0.467	40	402.485
seq-mthreaded/pals_STARTPALS_ActiveStandby_false-unreach-call.1.ufo.UNBOUNDED.pals.c	TIMEOUT	901.201758851	885.492098808	zeus19	1741983744	884.646	1.257	54	847.818	false(reach)	423.962064927	411.890112877	2289487872	zeus09	411.107	0.531	40	391.828
seq-mthreaded/pals_STARTPALS_ActiveStandby_false-unreach-call.4_1.ufo.BOUNDED-10.pals.c	TIMEOUT	901.331239352	885.370290995	zeus22	2452721664	884.448	1.276	58	843.583	false(reach)	805.630899574	781.365020037	5020008448	zeus03	780.429	3.861	43	513.806
seq-mthreaded/pals_STARTPALS_ActiveStandby_false-unreach-call.4_1.ufo.UNBOUNDED.pals.c	TIMEOUT	901.102413863	885.887284994	zeus01	2524037120	885.080	1.061	63	848.245	false(reach)	881.67500767	828.063468933	5404319744	zeus06	827.170	4.171	43	554.421
seq-pthread/cs_queue_false-unreach-call.i	TIMEOUT	901.291175192	889.557220221	zeus12	681824256	888.846	0.240	5	882.045	false(reach)	54.999408391	44.3026471138	2355531776	zeus20	43.366	0.948	9	7.181
ntdrivers/cdaudio_false-unreach-call.i.cil.c	TIMEOUT	901.860937512	881.636582136	zeus13	3924455424	880.346	1.580	14	4.832	false(reach)	31.459304825	20.7291560173	1202057216	zeus17	19.706	0.326	37	3.773
ntdrivers/parport_false-unreach-call.i.cil.c	false(reach)	327.73585523	313.337571859	zeus03	1344892928	312.543	0.433	96	291.884	TIMEOUT	904.915467981	765.98893714	7306424320	zeus08	761.465	13.161	17	2.934
